test_num;board;sensor;marble_color;min_value;max_value;low_threshold;high_threshold;;min_range;max_range;sensor_amplitude;monitored_mean;coeff_monitored_range;coeff_full_range;adjusting_factor;coeff_adjusted;Maxy ref alpha;maxy i ref;maxy cal alpha;adjusted_full_range
0;1;0; NONE   ;56;94;0;320;;547;3735;3188;75;-0.148055207026349;0.0200803212851406;1;75;2240;3735;2240;0.0200803212851406
0;1;0; Black  ;547;699;320;1454;;547;3735;3188;623;0.0238393977415307;0.166800535475234;1;623;2240;3735;2240;0.166800535475234
0;1;0; Red    ;2208;2288;1454;2546;;547;3735;3188;2248;0.533563362609787;0.601874163319947;1;2248;2240;3735;2240;0.601874163319947
0;1;0; Blue   ;2803;3052;2546;3203;;547;3735;3188;2927.5;0.746706398996236;0.78380187416332;1;2927.5;2240;3735;2240;0.78380187416332
0;1;0; Yellow ;3354;3735;3203;3754;;547;3735;3188;3544.5;0.940244667503137;0.948995983935743;1;3544.5;2240;3735;2240;0.948995983935743
0;1;0; White  ;3772;3796;3754;4095;;547;3735;3188;3784;1.01537013801757;1.01311914323963;1;3784;2240;3735;2240;1.01311914323963
0;1;1; NONE   ;8;66;0;209;;352;3022;2670;37;-0.117977528089888;0.0122435473196559;1;37;2240;3022;2240;0.0122435473196559
0;1;1; Black  ;352;503;209;1162;;352;3022;2670;427.5;0.0282771535580524;0.141462607544672;1;427.5;2240;3022;2240;0.141462607544672
0;1;1; Red    ;1822;1934;1162;2128;;352;3022;2670;1878;0.571535580524345;0.621442753143614;1;1878;2240;3022;2240;0.621442753143614
0;1;1; Blue   ;2323;2356;2128;2644;;352;3022;2670;2339.5;0.74438202247191;0.774156187954997;1;2339.5;2240;3022;2240;0.774156187954997
0;1;1; Yellow ;2931;3022;2644;3316;;352;3022;2670;2976.5;0.982958801498127;0.984943745863666;1;2976.5;2240;3022;2240;0.984943745863666
0;1;1; White  ;3610;3643;3316;4095;;352;3022;2670;3626.5;1.22640449438202;1.20003309066843;1;3626.5;2240;3022;2240;1.20003309066843
0;1;2; NONE   ;5;90;0;278;;466;3308;2842;47.5;-0.1472554539057;0.0143591293833132;1;47.5;2240;3308;2240;0.0143591293833132
0;1;2; Black  ;466;509;278;1243;;466;3308;2842;487.5;0.00756509500351865;0.147370012091898;1;487.5;2240;3308;2240;0.147370012091898
0;1;2; Red    ;1977;2011;1243;2202;;466;3308;2842;1994;0.537649542575651;0.602781136638452;1;1994;2240;3308;2240;0.602781136638452
0;1;2; Blue   ;2394;2599;2202;2854;;466;3308;2842;2496.5;0.714461646727657;0.754685610640871;1;2496.5;2240;3308;2240;0.754685610640871
0;1;2; Yellow ;3108;3308;2854;3508;;466;3308;2842;3208;0.964813511611541;0.969770253929867;1;3208;2240;3308;2240;0.969770253929867
0;1;2; White  ;3709;3758;3508;4095;;466;3308;2842;3733.5;1.14971850809289;1.12862756952842;1;3733.5;2240;3308;2240;1.12862756952842
0;1;3; NONE   ;0;30;0;250;;471;3410;2939;15;-0.155154814562776;0.00439882697947214;1;15;2240;3410;2240;0.00439882697947214
0;1;3; Black  ;471;563;250;1378;;471;3410;2939;517;0.0156515821708064;0.151612903225806;1;517;2240;3410;2240;0.151612903225806
0;1;3; Red    ;2192;2262;1378;2504;;471;3410;2939;2227;0.597482136781218;0.65307917888563;1;2227;2240;3410;2240;0.65307917888563
0;1;3; Blue   ;2745;2979;2504;3084;;471;3410;2939;2862;0.813542021095611;0.839296187683284;1;2862;2240;3410;2240;0.839296187683284
0;1;3; Yellow ;3190;3410;3084;3584;;471;3410;2939;3300;0.962572303504593;0.967741935483871;1;3300;2240;3410;2240;0.967741935483871
0;1;3; White  ;3759;3783;3584;4095;;471;3410;2939;3771;1.1228308948622;1.1058651026393;1;3771;2240;3410;2240;1.1058651026393
0;1;4; NONE   ;6;58;0;188;;319;2881;2562;32;-0.112021857923497;0.0111072544255467;1;32;2240;2881;2240;0.0111072544255467
0;1;4; Black  ;319;388;188;1061;;319;2881;2562;353.5;0.0134660421545667;0.122700451232211;1;353.5;2240;2881;2240;0.122700451232211
0;1;4; Red    ;1734;1796;1061;1960;;319;2881;2562;1765;0.56440281030445;0.612634501909059;1;1765;2240;2881;2240;0.612634501909059
0;1;4; Blue   ;2125;2227;1960;2394;;319;2881;2562;2176;0.724824355971897;0.755293300937175;1;2176;2240;2881;2240;0.755293300937175
0;1;4; Yellow ;2562;2881;2394;3138;;319;2881;2562;2721.5;0.937743950039032;0.944637278722666;1;2721.5;2240;2881;2240;0.944637278722666
0;1;4; White  ;3395;3439;3138;4095;;319;2881;2562;3417;1.20921155347385;1.18604651162791;1;3417;2240;2881;2240;1.18604651162791
0;1;5; NONE   ;38;86;0;158;;229;2240;2011;62;-0.0830432620586773;0.0276785714285714;1;62;2240;2240;2240;0.0276785714285714
0;1;5; Black  ;229;364;158;888;;229;2240;2011;296.5;0.0335653903530582;0.132366071428571;1;296.5;2240;2240;2240;0.132366071428571
0;1;5; Red    ;1412;1463;888;1645;;229;2240;2011;1437.5;0.600944803580308;0.641741071428571;1;1437.5;2240;2240;2240;0.641741071428571
0;1;5; Blue   ;1827;1886;1645;2028;;229;2240;2011;1856.5;0.809298856290403;0.828794642857143;1;1856.5;2240;2240;2240;0.828794642857143
0;1;5; Yellow ;2169;2240;2028;2489;;229;2240;2011;2204.5;0.982347090999503;0.984151785714286;1;2204.5;2240;2240;2240;0.984151785714286
0;1;5; White  ;2738;2841;2489;4095;;229;2240;2011;2789.5;1.27324714072601;1.2453125;1;2789.5;2240;2240;2240;1.2453125
0;1;6; NONE   ;21;75;0;166;;257;2465;2208;48;-0.0946557971014493;0.01947261663286;1;48;2240;2465;2240;0.01947261663286
0;1;6; Black  ;257;317;166;922;;257;2465;2208;287;0.0135869565217391;0.116430020283976;1;287;2240;2465;2240;0.116430020283976
0;1;6; Red    ;1528;1597;922;1767;;257;2465;2208;1562.5;0.591259057971014;0.633874239350913;1;1562.5;2240;2465;2240;0.633874239350913
0;1;6; Blue   ;1937;2037;1767;2229;;257;2465;2208;1987;0.783514492753623;0.806085192697769;1;1987;2240;2465;2240;0.806085192697769
0;1;6; Yellow ;2421;2465;2229;2811;;257;2465;2208;2443;0.990036231884058;0.991075050709939;1;2443;2240;2465;2240;0.991075050709939
0;1;6; White  ;3157;3186;2811;4095;;257;2465;2208;3171.5;1.31997282608696;1.28661257606491;1;3171.5;2240;2465;2240;1.28661257606491
0;1;7; NONE   ;0;30;0;160;;289;2761;2472;15;-0.11084142394822;0.00543281419775444;1;15;2240;2761;2240;0.00543281419775444
0;1;7; Black  ;289;485;160;1070;;289;2761;2472;387;0.0396440129449838;0.140166606302064;1;387;2240;2761;2240;0.140166606302064
0;1;7; Red    ;1656;1736;1070;1940;;289;2761;2472;1696;0.569174757281553;0.614270191959435;1;1696;2240;2761;2240;0.614270191959435
0;1;7; Blue   ;2145;2245;1940;2482;;289;2761;2472;2195;0.771035598705502;0.795001810938066;1;2195;2240;2761;2240;0.795001810938066
0;1;7; Yellow ;2718;2761;2482;3058;;289;2761;2472;2739.5;0.991302588996764;0.992212966316552;1;2739.5;2240;2761;2240;0.992212966316552
0;1;7; White  ;3354;3447;3058;4095;;289;2761;2472;3400.5;1.25869741100324;1.23161897863093;1;3400.5;2240;2761;2240;1.23161897863093
0;1;8; NONE   ;44;83;0;206;;328;2951;2623;63.5;-0.100838734273732;0.0215181294476449;1;63.5;2240;2951;2240;0.0215181294476449
0;1;8; Black  ;328;388;206;1098;;328;2951;2623;358;0.0114372855508959;0.121314808539478;1;358;2240;2951;2240;0.121314808539478
0;1;8; Red    ;1809;1842;1098;2140;;328;2951;2623;1825.5;0.570911170415555;0.618603863097255;1;1825.5;2240;2951;2240;0.618603863097255
0;1;8; Blue   ;2439;2497;2140;2672;;328;2951;2623;2468;0.815859702630576;0.836326668925788;1;2468;2240;2951;2240;0.836326668925788
0;1;8; Yellow ;2847;2951;2672;3265;;328;2951;2623;2899;0.98017537171178;0.982378854625551;1;2899;2240;2951;2240;0.982378854625551
0;1;8; White  ;3579;3612;3265;4095;;328;2951;2623;3595.5;1.24571101791841;1.21840054218909;1;3595.5;2240;2951;2240;1.21840054218909
0;1;9; NONE   ;16;82;0;144;;206;2346;2140;49;-0.0733644859813084;0.0208866155157715;1;49;2240;2346;2240;0.0208866155157715
0;1;9; Black  ;206;249;144;854;;206;2346;2140;227.5;0.0100467289719626;0.0969735720375107;1;227.5;2240;2346;2240;0.0969735720375107
0;1;9; Red    ;1460;1586;854;1802;;206;2346;2140;1523;0.615420560747664;0.649190110826939;1;1523;2240;2346;2240;0.649190110826939
0;1;9; Blue   ;2017;2078;1802;2202;;206;2346;2140;2047.5;0.860514018691589;0.872762148337596;1;2047.5;2240;2346;2240;0.872762148337596
0;1;9; Yellow ;2325;2346;2202;2610;;206;2346;2140;2335.5;0.995093457943925;0.995524296675192;1;2335.5;2240;2346;2240;0.995524296675192
0;1;9; White  ;2873;3016;2610;4095;;206;2346;2140;2944.5;1.27967289719626;1.25511508951407;1;2944.5;2240;2346;2240;1.25511508951407
0;1;10; NONE   ;24;70;0;129;;188;2358;2170;47;-0.0649769585253456;0.0199321458863444;1;47;2240;2358;2240;0.0199321458863444
0;1;10; Black  ;188;276;129;866;;188;2358;2170;232;0.0202764976958525;0.0983884648006785;1;232;2240;2358;2240;0.0983884648006785
0;1;10; Red    ;1456;1533;866;1726;;188;2358;2170;1494.5;0.602073732718894;0.633799830364716;1;1494.5;2240;2358;2240;0.633799830364716
0;1;10; Blue   ;1919;2086;1726;2182;;188;2358;2170;2002.5;0.836175115207373;0.849236641221374;1;2002.5;2240;2358;2240;0.849236641221374
0;1;10; Yellow ;2277;2358;2182;2594;;188;2358;2170;2317.5;0.981336405529954;0.982824427480916;1;2317.5;2240;2358;2240;0.982824427480916
0;1;10; White  ;2831;2855;2594;4095;;188;2358;2170;2843;1.22350230414747;1.20568278201866;1;2843;2240;2358;2240;1.20568278201866
0;1;11; NONE   ;41;87;0;160;;232;2440;2208;64;-0.0760869565217391;0.0262295081967213;1;64;2240;2440;2240;0.0262295081967213
0;1;11; Black  ;232;278;160;932;;232;2440;2208;255;0.0104166666666667;0.104508196721311;1;255;2240;2440;2240;0.104508196721311
0;1;11; Red    ;1587;1649;932;1866;;232;2440;2208;1618;0.627717391304348;0.663114754098361;1;1618;2240;2440;2240;0.663114754098361
0;1;11; Blue   ;2082;2134;1866;2233;;232;2440;2208;2108;0.84963768115942;0.863934426229508;1;2108;2240;2440;2240;0.863934426229508
0;1;11; Yellow ;2332;2440;2233;2696;;232;2440;2208;2386;0.97554347826087;0.977868852459016;1;2386;2240;2440;2240;0.977868852459016
0;1;11; White  ;2952;3090;2696;4095;;232;2440;2208;3021;1.26313405797101;1.23811475409836;1;3021;2240;2440;2240;1.23811475409836
0;1;12; NONE   ;0;46;0;155;;264;2632;2368;23;-0.101773648648649;0.00873860182370821;1;23;2240;2632;2240;0.00873860182370821
0;1;12; Black  ;264;312;155;955;;264;2632;2368;288;0.0101351351351351;0.109422492401216;1;288;2240;2632;2240;0.109422492401216
0;1;12; Red    ;1598;1661;955;1886;;264;2632;2368;1629.5;0.576646959459459;0.61911094224924;1;1629.5;2240;2632;2240;0.61911094224924
0;1;12; Blue   ;2111;2215;1886;2404;;264;2632;2368;2163;0.801942567567568;0.821808510638298;1;2163;2240;2632;2240;0.821808510638298
0;1;12; Yellow ;2593;2632;2404;2866;;264;2632;2368;2612.5;0.991765202702703;0.992591185410334;1;2612.5;2240;2632;2240;0.992591185410334
0;1;12; White  ;3100;3133;2866;4095;;264;2632;2368;3116.5;1.20460304054054;1.18408054711246;1;3116.5;2240;2632;2240;1.18408054711246
0;1;13; NONE   ;0;62;0;172;;283;2669;2386;31;-0.105616093880972;0.0116148370176096;1;31;2240;2669;2240;0.0116148370176096
0;1;13; Black  ;283;324;172;998;;283;2669;2386;303.5;0.00859178541492037;0.113713001124016;1;303.5;2240;2669;2240;0.113713001124016
0;1;13; Red    ;1673;1703;998;1884;;283;2669;2386;1688;0.588851634534786;0.632446609216935;1;1688;2240;2669;2240;0.632446609216935
0;1;13; Blue   ;2066;2422;1884;2472;;283;2669;2386;2244;0.821877619446773;0.840764331210191;1;2244;2240;2669;2240;0.840764331210191
0;1;13; Yellow ;2521;2669;2472;2882;;283;2669;2386;2595;0.968985750209556;0.97227426002248;1;2595;2240;2669;2240;0.97227426002248
0;1;13; White  ;3094;3181;2882;4095;;283;2669;2386;3137.5;1.1963537300922;1.17553390783065;1;3137.5;2240;2669;2240;1.17553390783065
0;1;14; NONE   ;6;40;0;150;;261;2680;2419;23;-0.0983877635386523;0.00858208955223881;1;23;2240;2680;2240;0.00858208955223881
0;1;14; Black  ;261;357;150;992;;261;2680;2419;309;0.0198429102935097;0.115298507462687;1;309;2240;2680;2240;0.115298507462687
0;1;14; Red    ;1626;1755;992;1997;;261;2680;2419;1690.5;0.590946672178586;0.630783582089552;1;1690.5;2240;2680;2240;0.630783582089552
0;1;14; Blue   ;2239;2324;1997;2476;;261;2680;2419;2281.5;0.835262505167425;0.851305970149254;1;2281.5;2240;2680;2240;0.851305970149254
0;1;14; Yellow ;2629;2680;2476;2968;;261;2680;2419;2654.5;0.989458453906573;0.990485074626866;1;2654.5;2240;2680;2240;0.990485074626866
0;1;14; White  ;3256;3323;2968;4095;;261;2680;2419;3289.5;1.25196362133113;1.22742537313433;1;3289.5;2240;2680;2240;1.22742537313433
0;1;15; NONE   ;22;65;0;206;;346;3103;2757;43.5;-0.109720710917664;0.014018691588785;1;43.5;2240;3103;2240;0.014018691588785
0;1;15; Black  ;346;437;206;1160;;346;3103;2757;391.5;0.0165034457743925;0.126168224299065;1;391.5;2240;3103;2240;0.126168224299065
0;1;15; Red    ;1882;1915;1160;2327;;346;3103;2757;1898.5;0.563112078346028;0.611827263938124;1;1898.5;2240;3103;2240;0.611827263938124
0;1;15; Blue   ;2739;2776;2327;2906;;346;3103;2757;2757.5;0.8746826260428;0.88865613922011;1;2757.5;2240;3103;2240;0.88865613922011
0;1;15; Yellow ;3036;3103;2906;3387;;346;3103;2757;3069.5;0.98784911135292;0.989203996132775;1;3069.5;2240;3103;2240;0.989203996132775
0;1;15; White  ;3671;3729;3387;4095;;346;3103;2757;3700;1.21653971708379;1.19239445697712;1;3700;2240;3103;2240;1.19239445697712
1;1;0; NONE   ;121;164;0;334;;503;3620;3117;142.5;-0.115656079563683;0.0393646408839779;0.978588807785888;139.448905109489;2240;3735;2301;0.0371411766143234
1;1;0; Black  ;503;570;334;1434;;503;3620;3117;536.5;0.0107475136349054;0.148204419889503;0.978588807785888;525.012895377129;2240;3735;2301;0.139833271954979
1;1;0; Red    ;2298;2335;1434;2595;;503;3620;3117;2316.5;0.581809432146295;0.639917127071823;0.978588807785888;2266.90097323601;2240;3735;2301;0.60377217983916
1;1;0; Blue   ;2855;3105;2595;3276;;503;3620;3117;2980;0.794674366377928;0.823204419889503;0.978588807785888;2916.19464720195;2240;3735;2301;0.776706710952167
1;1;0; Yellow ;3446;3620;3276;3695;;503;3620;3117;3533;0.972088546679499;0.975966850828729;0.978588807785888;3457.35425790754;2240;3735;2301;0.920840540199331
1;1;0; White  ;3770;3783;3695;4095;;503;3620;3117;3776.5;1.05020853384665;1.0432320441989;0.978588807785888;3695.64063260341;2240;3735;2301;0.984306340238544
1;1;1; NONE   ;44;96;0;216;;337;3018;2681;70;-0.0995897053338307;0.023194168323393;0.978588807785888;68.5012165450122;2240;3022;2301;0.0225493994352871
1;1;1; Black  ;337;392;216;1134;;337;3018;2681;364.5;0.0102573666542335;0.120775347912525;0.978588807785888;356.695620437956;2240;3022;2301;0.117417944202316
1;1;1; Red    ;1876;1909;1134;2120;;337;3018;2681;1892.5;0.580193957478553;0.627070907886017;0.978588807785888;1851.97931873479;2240;3022;2301;0.609639120446869
1;1;1; Blue   ;2331;2668;2120;2793;;337;3018;2681;2499.5;0.806602014173816;0.828197481776011;0.978588807785888;2445.98272506083;2240;3022;2301;0.805174626978573
1;1;1; Yellow ;2918;3018;2793;3341;;337;3018;2681;2968;0.981350242446848;0.983432736911862;0.978588807785888;2904.45158150852;2240;3022;2301;0.956094536056173
1;1;1; White  ;3664;3735;3341;4095;;337;3018;2681;3699.5;1.25419619544946;1.22581179589132;0.978588807785888;3620.28929440389;2240;3022;2301;1.19173576015492
1;1;2; NONE   ;91;143;0;263;;383;3237;2854;117;-0.0932025227750526;0.036144578313253;0.978588807785888;114.494890510949;2240;3308;2301;0.034431168405304
1;1;2; Black  ;383;416;263;1226;;383;3237;2854;399.5;0.00578135949544499;0.123416743898672;0.978588807785888;390.946228710462;2240;3308;2301;0.117566254512128
1;1;2; Red    ;2037;2099;1226;2276;;383;3237;2854;2068;0.590399439383322;0.638863144887241;0.978588807785888;2023.72165450122;2240;3308;2301;0.608578258651015
1;1;2; Blue   ;2452;2792;2276;2880;;383;3237;2854;2622;0.784512964260687;0.810009267840593;0.978588807785888;2565.8598540146;2240;3308;2301;0.771611312467583
1;1;2; Yellow ;2967;3237;2880;3474;;383;3237;2854;3102;0.952697967764541;0.958294717330862;0.978588807785888;3035.58248175182;2240;3308;2301;0.912867387976522
1;1;2; White  ;3711;3749;3474;4095;;383;3237;2854;3730;1.17274001401542;1.1523015137473;0.978588807785888;3650.13625304136;2240;3308;2301;1.09767742010072
1;1;3; NONE   ;34;71;0;253;;435;3504;3069;52.5;-0.124633431085044;0.0149828767123288;0.978588807785888;51.3759124087591;2240;3410;2301;0.0149877459882927
1;1;3; Black  ;435;507;253;1348;;435;3504;3069;471;0.0117302052785924;0.134417808219178;0.978588807785888;460.915328467153;2240;3410;2301;0.134461492580683
1;1;3; Red    ;2189;2253;1348;2468;;435;3504;3069;2221;0.581948517432388;0.63384703196347;0.978588807785888;2173.44574209246;2240;3410;2301;0.634053025523775
1;1;3; Blue   ;2684;2911;2468;3190;;435;3504;3069;2797.5;0.769794721407625;0.798373287671233;0.978588807785888;2737.60218978102;2240;3410;2301;0.798632750519027
1;1;3; Yellow ;3469;3504;3190;3624;;435;3504;3069;3486.5;0.994297816878462;0.995005707762557;0.978588807785888;3411.8498783455;2240;3410;2301;0.995329074060621
1;1;3; White  ;3744;3780;3624;4095;;435;3504;3069;3762;1.08406647116325;1.0736301369863;0.978588807785888;3681.45109489051;2240;3410;2301;1.07397905538966
1;1;4; NONE   ;66;131;0;218;;306;2817;2511;98.5;-0.0826363998407009;0.0349662761803337;0.978588807785888;96.39099756691;2240;2881;2301;0.0332831461382635
1;1;4; Black  ;306;330;218;1032;;306;2817;2511;318;0.004778972520908;0.112886048988285;0.978588807785888;311.191240875912;2240;2881;2301;0.107452187532668
1;1;4; Red    ;1735;1773;1032;2044;;306;2817;2511;1754;0.576662684189566;0.622648207312744;0.978588807785888;1716.44476885645;2240;2881;2301;0.592676531233647
1;1;4; Blue   ;2314;2367;2044;2571;;306;2817;2511;2340.5;0.810234966148945;0.830848420305289;0.978588807785888;2290.38710462287;2240;2881;2301;0.790854858239653
1;1;4; Yellow ;2775;2817;2571;3076;;306;2817;2511;2796;0.991636798088411;0.992545260915868;0.978588807785888;2736.13430656934;2240;2881;2301;0.944768290381572
1;1;4; White  ;3335;3494;3076;4095;;306;2817;2511;3414.5;1.23795300677021;1.21210507632233;0.978588807785888;3341.39148418491;2240;2881;2301;1.153759416133
1;1;5; NONE   ;78;147;0;196;;246;2301;2055;112.5;-0.064963503649635;0.0488917861799218;0.978588807785888;110.091240875912;2240;2240;2301;0.0488917861799218
1;1;5; Black  ;246;359;196;904;;246;2301;2055;302.5;0.0274939172749392;0.131464580617123;0.978588807785888;296.023114355231;2240;2240;2301;0.131464580617123
1;1;5; Red    ;1448;1498;904;1690;;246;2301;2055;1473;0.597080291970803;0.640156453715776;0.978588807785888;1441.46131386861;2240;2240;2301;0.640156453715776
1;1;5; Blue   ;1882;1953;1690;2108;;246;2301;2055;1917.5;0.81338199513382;0.833333333333333;0.978588807785888;1876.44403892944;2240;2240;2301;0.833333333333333
1;1;5; Yellow ;2264;2301;2108;2538;;246;2301;2055;2282.5;0.990997566909976;0.991960017383746;0.978588807785888;2233.62895377129;2240;2240;2301;0.991960017383746
1;1;5; White  ;2775;2804;2538;4095;;246;2301;2055;2789.5;1.23771289537713;1.21229900043459;0.978588807785888;2729.77347931873;2240;2240;2301;1.21229900043459
1;1;6; NONE   ;80;115;0;186;;258;2577;2319;97.5;-0.0692108667529107;0.0378346915017462;0.978588807785888;95.4124087591241;2240;2465;2301;0.0385051741327741
1;1;6; Black  ;258;302;186;920;;258;2577;2319;280;0.00948684777921518;0.108653473030656;0.978588807785888;274.004866180049;2240;2465;2301;0.110578961612069
1;1;6; Red    ;1538;1660;920;1896;;258;2577;2319;1599;0.578266494178525;0.620488940628638;0.978588807785888;1564.76350364964;2240;2465;2301;0.631484855777495
1;1;6; Blue   ;2132;2222;1896;2376;;258;2577;2319;2177;0.827511858559724;0.844780752813349;0.978588807785888;2130.38783454988;2240;2465;2301;0.859751426533838
1;1;6; Yellow ;2531;2577;2376;2867;;258;2577;2319;2554;0.990081931867184;0.991074893286767;0.978588807785888;2499.31581508516;2240;2465;2301;1.00863809984723
1;1;6; White  ;3157;3247;2867;4095;;258;2577;2319;3202;1.26951272100043;1.24253007372914;0.978588807785888;3133.44136253041;2240;2465;2301;1.26454941100659
1;1;7; NONE   ;22;54;0;154;;253;2743;2490;38;-0.0863453815261044;0.013853445133066;0.978588807785888;37.1863746958637;2240;2761;2301;0.0133982658123383
1;1;7; Black  ;253;371;154;994;;253;2743;2490;312;0.0236947791164659;0.113744075829384;0.978588807785888;305.319708029197;2240;2761;2301;0.110006814038146
1;1;7; Red    ;1617;1722;994;1970;;253;2743;2490;1669.5;0.568875502008032;0.608640174990886;0.978588807785888;1633.75401459854;2240;2761;2301;0.588642230886812
1;1;7; Blue   ;2219;2330;1970;2514;;253;2743;2490;2274.5;0.811847389558233;0.829201604083121;0.978588807785888;2225.800243309;2240;2761;2301;0.801956726056935
1;1;7; Yellow ;2699;2743;2514;3039;;253;2743;2490;2721;0.991164658634538;0.991979584396646;0.978588807785888;2662.7401459854;2240;2761;2301;0.959386349351911
1;1;7; White  ;3335;3422;3039;4095;;253;2743;2490;3378.5;1.25522088353414;1.23168064163325;0.978588807785888;3306.16228710462;2240;2761;2301;1.19121160649961
1;1;8; NONE   ;92;167;0;244;;320;3037;2717;129.5;-0.0701140964298859;0.042640763911755;0.978588807785888;126.727250608273;2240;2951;2301;0.042720070289007
1;1;8; Black  ;320;428;244;1112;;320;3037;2717;374;0.0198748619801251;0.123147843266381;0.978588807785888;365.992214111922;2240;2951;2301;0.123376882533503
1;1;8; Red    ;1796;1881;1112;2093;;320;3037;2717;1838.5;0.558888479941112;0.605367138623642;0.978588807785888;1799.13552311436;2240;2951;2301;0.606493044218837
1;1;8; Blue   ;2305;2451;2093;2725;;320;3037;2717;2378;0.757453073242547;0.783009548896938;0.978588807785888;2327.08418491484;2240;2951;2301;0.784465846696978
1;1;8; Yellow ;2999;3037;2725;3263;;320;3037;2717;3018;0.993006993006993;0.993743826144221;0.978588807785888;2953.38102189781;2240;2951;2301;0.99559206279709
1;1;8; White  ;3489;3660;3263;4095;;320;3037;2717;3574.5;1.19782848730217;1.1769838656569;0.978588807785888;3497.96569343066;2240;2951;2301;1.17917290539039
1;1;9; NONE   ;75;124;0;146;;167;2460;2293;99.5;-0.0294374182293938;0.0404471544715447;0.978588807785888;97.3695863746959;2240;2346;2301;0.0412882497064733
1;1;9; Black  ;167;254;146;877;;167;2460;2293;210.5;0.0189707806367205;0.0855691056910569;0.978588807785888;205.992944038929;2240;2346;2301;0.0873485081729912
1;1;9; Red    ;1500;1546;877;1702;;167;2460;2293;1523;0.591365023986045;0.619105691056911;0.978588807785888;1490.39075425791;2240;2346;2301;0.631979942743305
1;1;9; Blue   ;1859;1986;1702;2196;;167;2460;2293;1922.5;0.765590928914086;0.78150406504065;0.978588807785888;1881.33698296837;2240;2346;2301;0.797755377494421
1;1;9; Yellow ;2406;2460;2196;2674;;167;2460;2293;2433;0.988225032708242;0.989024390243902;0.978588807785888;2380.90656934307;2240;2346;2301;1.00959107071206
1;1;9; White  ;2887;2983;2674;4095;;167;2460;2293;2935;1.20715220235499;1.19308943089431;0.978588807785888;2872.15815085158;2240;2346;2301;1.21789962702009
1;1;10; NONE   ;76;125;0;178;;231;2414;2183;100.5;-0.059780119102153;0.0416321458160729;0.978588807785888;98.3481751824818;2240;2358;2301;0.0414909769289379
1;1;10; Black  ;231;271;178;884;;231;2414;2183;251;0.00916170407695831;0.103976801988401;0.978588807785888;245.625790754258;2240;2358;2301;0.103624230936949
1;1;10; Red    ;1497;1558;884;1706;;231;2414;2183;1527.5;0.593907466788823;0.632767191383596;0.978588807785888;1494.79440389294;2240;2358;2301;0.630621564765697
1;1;10; Blue   ;1853;1900;1706;2144;;231;2414;2183;1876.5;0.753779202931745;0.777340513670257;0.978588807785888;1836.32189781022;2240;2358;2301;0.774704658777631
1;1;10; Yellow ;2387;2414;2144;2638;;231;2414;2183;2400.5;0.993815849748053;0.994407622203811;0.978588807785888;2349.10243309002;2240;2358;2301;0.991035722566322
1;1;10; White  ;2862;2942;2638;4095;;231;2414;2183;2902;1.22354557947778;1.20215410107705;0.978588807785888;2839.86472019465;2240;2358;2301;1.19807776166943
1;1;11; NONE   ;100;192;0;208;;224;2494;2270;146;-0.0343612334801762;0.0585404971932638;0.978588807785888;142.87396593674;2240;2440;2301;0.0582497987332664
1;1;11; Black  ;224;343;208;960;;224;2494;2270;283.5;0.0262114537444934;0.113672814755413;0.978588807785888;277.429927007299;2240;2440;2301;0.113108342060829
1;1;11; Red    ;1576;1596;960;1758;;224;2494;2270;1586;0.6;0.635926222935044;0.978588807785888;1552.04184914842;2240;2440;2301;0.632768361581921
1;1;11; Blue   ;1920;2024;1758;2217;;224;2494;2270;1972;0.770044052863436;0.790697674418605;0.978588807785888;1929.77712895377;2240;2440;2301;0.786771254123296
1;1;11; Yellow ;2410;2494;2217;2723;;224;2494;2270;2452;0.981497797356828;0.983159582999198;0.978588807785888;2399.499756691;2240;2440;2301;0.978277441739515
1;1;11; White  ;2952;3116;2723;4095;;224;2494;2270;3034;1.23788546255507;1.21651964715317;0.978588807785888;2969.03844282238;2240;2440;2301;1.21047869422418
1;1;12; NONE   ;70;110;0;216;;322;2598;2276;90;-0.101933216168717;0.0346420323325635;0.978588807785888;88.0729927007299;2240;2632;2301;0.0332880246331382
1;1;12; Black  ;322;400;216;996;;322;2598;2276;361;0.0171353251318102;0.138953040800616;0.978588807785888;353.270559610706;2240;2632;2301;0.133521965472921
1;1;12; Red    ;1593;1659;996;1906;;322;2598;2276;1626;0.572934973637961;0.625866050808314;0.978588807785888;1591.18540145985;2240;2632;2301;0.601403645038697
1;1;12; Blue   ;2154;2223;1906;2384;;322;2598;2276;2188.5;0.820079086115993;0.842378752886836;0.978588807785888;2141.64160583942;2240;2632;2301;0.809453798995811
1;1;12; Yellow ;2544;2598;2384;2947;;322;2598;2276;2571;0.988137082601054;0.989607390300231;0.978588807785888;2515.95182481752;2240;2632;2301;0.950927903686649
1;1;12; White  ;3296;3385;2947;4095;;322;2598;2276;3340.5;1.326230228471;1.28579676674365;0.978588807785888;3268.97591240876;2240;2632;2301;1.23554051429998
1;1;13; NONE   ;77;131;0;214;;297;2621;2324;104;-0.0830464716006885;0.0396795116367798;0.978588807785888;101.773236009732;2240;2669;2301;0.0379329103983167
1;1;13; Black  ;297;346;214;1006;;297;2621;2324;321.5;0.0105421686746988;0.122663105684853;0.978588807785888;314.616301703163;2240;2669;2301;0.117263756664027
1;1;13; Red    ;1667;1735;1006;1955;;297;2621;2324;1701;0.604130808950086;0.648988935520794;0.978588807785888;1664.5795620438;2240;2669;2301;0.620421928726315
1;1;13; Blue   ;2175;2231;1955;2387;;297;2621;2324;2203;0.82013769363167;0.840518885921404;0.978588807785888;2155.83114355231;2240;2669;2301;0.803521169302805
1;1;13; Yellow ;2543;2621;2387;2870;;297;2621;2324;2582;0.983218588640275;0.985120183136207;0.978588807785888;2526.71630170316;2240;2669;2301;0.941757448542825
1;1;13; White  ;3119;3311;2870;4095;;297;2621;2324;3215;1.25559380378657;1.22663105684853;0.978588807785888;3146.16301703163;2240;2669;2301;1.17263756664027
1;1;14; NONE   ;50;76;0;172;;269;2686;2417;63;-0.0852296235002069;0.0234549516008935;0.978588807785888;61.651094890511;2240;2680;2301;0.0228842748448111
1;1;14; Black  ;269;312;172;977;;269;2686;2417;290.5;0.00889532478278858;0.108153387937453;0.978588807785888;284.2800486618;2240;2680;2301;0.105521934006629
1;1;14; Red    ;1642;1711;977;1978;;269;2686;2417;1676.5;0.582333471245345;0.624162323157111;0.978588807785888;1640.60413625304;2240;2680;2301;0.608975980592474
1;1;14; Blue   ;2246;2295;1978;2446;;269;2686;2417;2270.5;0.828092676872156;0.845309009679821;0.978588807785888;2221.88588807786;2240;2680;2301;0.824742000557837
1;1;14; Yellow ;2596;2686;2446;3002;;269;2686;2417;2641;0.981381878361605;0.983246463142219;0.978588807785888;2584.45304136253;2240;2680;2301;0.959323331192798
1;1;14; White  ;3318;3424;3002;4095;;269;2686;2417;3371;1.28340918494001;1.25502606105733;0.978588807785888;3298.82287104623;2240;2680;2301;1.22449032542632
1;1;15; NONE   ;72;117;0;248;;378;3090;2712;94.5;-0.104535398230088;0.0305825242718447;0.978588807785888;92.4766423357664;2240;3103;2301;0.0296470463667872
1;1;15; Black  ;378;413;248;1171;;378;3090;2712;395.5;0.00645280235988201;0.127993527508091;0.978588807785888;387.031873479319;2240;3103;2301;0.124078379238776
1;1;15; Red    ;1929;1945;1171;2274;;378;3090;2712;1937;0.574852507374631;0.626860841423948;0.978588807785888;1895.52652068127;2240;3103;2301;0.607686019179544
1;1;15; Blue   ;2604;2677;2274;2857;;378;3090;2712;2640.5;0.834255162241888;0.85453074433657;0.978588807785888;2583.96374695864;2240;3103;2301;0.82839180879896
1;1;15; Yellow ;3037;3090;2857;3396;;378;3090;2712;3063.5;0.990228613569322;0.991423948220065;0.978588807785888;2997.90681265207;2240;3103;2301;0.96109763539315
1;1;15; White  ;3701;3738;3396;4095;;378;3090;2712;3719.5;1.23211651917404;1.2037216828479;0.978588807785888;3639.86107055961;2240;3103;2301;1.16690147048958
2;1;0; NONE   ;205;336;0;420;;505;3741;3236;270.5;-0.0724660074165637;0.0723068698209035;1.14848657909766;310.665619645917;2240;3735;2259;0.071813889762977
2;1;0; Black  ;505;595;420;1494;;505;3741;3236;550;0.0139060568603214;0.147019513499064;1.14848657909766;631.667618503712;2240;3735;2259;0.146017151089232
2;1;0; Red    ;2393;2575;1494;2874;;505;3741;3236;2484;0.611557478368356;0.663993584603047;1.14848657909766;2852.84066247858;2240;3735;2259;0.659466551464823
2;1;0; Blue   ;3174;3250;2874;3452;;505;3741;3236;3212;0.836526576019777;0.858593958834536;1.14848657909766;3688.93889206168;2240;3735;2259;0.852740162361116
2;1;0; Yellow ;3654;3741;3452;3750;;505;3741;3236;3697.5;0.986557478368356;0.988372093023256;1.14848657909766;4246.52912621359;2240;3735;2259;0.98163348391352
2;1;0; White  ;3759;3792;3750;4095;;505;3741;3236;3775.5;1.01066131025958;1.00922213311949;1.14848657909766;4336.11107938321;2240;3735;2259;1.00234137079527
2;1;1; NONE   ;195;243;0;313;;383;3201;2818;219;-0.0581973030518098;0.0684161199625117;1.14848657909766;251.518560822387;2240;3022;2259;0.0718590451782106
2;1;1; Black  ;383;487;313;1296;;383;3201;2818;435;0.0184528034066714;0.135895032802249;1.14848657909766;499.591661907481;2240;3022;2259;0.142733719874528
2;1;1; Red    ;2105;2207;1296;2410;;383;3201;2818;2156;0.6291696238467;0.673539518900344;1.14848657909766;2476.13706453455;2240;3022;2259;0.707434252987315
2;1;1; Blue   ;2612;2870;2410;2950;;383;3201;2818;2741;0.836763662171753;0.8562949078413;1.14848657909766;3148.00171330668;2240;3022;2259;0.899386496956508
2;1;1; Yellow ;3031;3201;2950;3442;;383;3201;2818;3116;0.969836763662172;0.973445798188066;1.14848657909766;3578.6841804683;2240;3022;2259;1.02243280719317
2;1;1; White  ;3683;3713;3442;4095;;383;3201;2818;3698;1.1763662171753;1.15526398000625;1.14848657909766;4247.10336950314;2240;3022;2259;1.21340068068047
2;1;2; NONE   ;192;260;0;328;;396;3375;2979;226;-0.0570661295736824;0.066962962962963;1.14848657909766;259.557966876071;2240;3308;2259;0.0677446066867824
2;1;2; Black  ;396;519;328;1357;;396;3375;2979;457.5;0.0206445115810675;0.135555555555556;1.14848657909766;525.432609937179;2240;3308;2259;0.137137865306208
2;1;2; Red    ;2195;2354;1357;2598;;396;3375;2979;2274.5;0.630580731789191;0.673925925925926;1.14848657909766;2612.23272415762;2240;3308;2259;0.681792512872064
2;1;2; Blue   ;2841;2987;2598;3034;;396;3375;2979;2914;0.845250083920779;0.863407407407407;1.14848657909766;3346.68989149058;2240;3308;2259;0.873485769403911
2;1;2; Yellow ;3080;3375;3034;3546;;396;3375;2979;3227.5;0.950486740516952;0.956296296296296;1.14848657909766;3706.74043403769;2240;3308;2259;0.967458929564558
2;1;2; White  ;3717;3745;3546;4095;;396;3375;2979;3731;1.11950318898959;1.10548148148148;1.14848657909766;4285.00342661336;2240;3308;2259;1.1183855201256
2;1;3; NONE   ;130;173;0;342;;510;3687;3177;151.5;-0.112842304060434;0.0410903173311636;1.14848657909766;173.995716733295;2240;3410;2259;0.0440544761326152
2;1;3; Black  ;510;678;342;1506;;510;3687;3177;594;0.0264400377714825;0.161106590724166;1.14848657909766;682.201027984009;2240;3410;2259;0.172728441074412
2;1;3; Red    ;2335;2466;1506;2895;;510;3687;3177;2400.5;0.595058231035568;0.651071331705994;1.14848657909766;2756.94203312393;2240;3410;2259;0.698038085520414
2;1;3; Blue   ;3324;3416;2895;3526;;510;3687;3177;3370;0.900220333648096;0.91402224030377;1.14848657909766;3870.39977155911;2240;3410;2259;0.979957653907018
2;1;3; Yellow ;3636;3687;3526;3721;;510;3687;3177;3661.5;0.991973559962228;0.993083807973962;1.14848657909766;4205.18360936608;2240;3410;2259;1.06472253702687
2;1;3; White  ;3755;3771;3721;4095;;510;3687;3177;3763;1.0239219389361;1.02061296446976;1.14848657909766;4321.75499714449;2240;3410;2259;1.09423758209261
2;1;4; NONE   ;-108;171;0;244;;316;2954;2638;31.5;-0.107846853677028;0.0106635071090047;1.14848657909766;36.1773272415762;2240;2881;2259;0.0108417423675655
2;1;4; Black  ;316;386;244;1090;;316;2954;2638;351;0.013267626990144;0.118821936357481;1.14848657909766;403.118789263278;2240;2881;2259;0.120807986381444
2;1;4; Red    ;1793;1848;1090;2086;;316;2954;2638;1820.5;0.570318423047763;0.616283006093433;1.14848657909766;2090.81981724729;2240;2881;2259;0.626583872385809
2;1;4; Blue   ;2323;2568;2086;2692;;316;2954;2638;2445.5;0.80724033358605;0.827860528097495;1.14848657909766;2808.62392918332;2240;2881;2259;0.841697808250203
2;1;4; Yellow ;2816;2954;2692;3250;;316;2954;2638;2885;0.973843821076573;0.976641841570751;1.14848657909766;3313.38378069674;2240;2881;2259;0.992965927950046
2;1;4; White  ;3547;3655;3250;4095;;316;2954;2638;3601;1.24526156178923;1.21902505077861;1.14848657909766;4135.70017133067;2240;2881;2259;1.2394004528763
2;1;5; NONE   ;-113;0;0;254;;508;2259;1751;-56.5;-0.322387207310108;-0.0250110668437362;1.14848657909766;-64.8894917190177;2240;2240;2259;-0.0250110668437362
2;1;5; Black  ;508;685;254;1020;;508;2259;1751;596.5;0.0505425471159338;0.264054891544931;1.14848657909766;685.072244431753;2240;2240;2259;0.264054891544931
2;1;5; Red    ;1354;1539;1020;1728;;508;2259;1751;1446.5;0.535979440319817;0.640327578574591;1.14848657909766;1661.28583666476;2240;2240;2259;0.640327578574591
2;1;5; Blue   ;1918;2049;1728;2132;;508;2259;1751;1983.5;0.842661336379212;0.878043382027446;1.14848657909766;2278.02312964021;2240;2240;2259;0.878043382027446
2;1;5; Yellow ;2215;2259;2132;2519;;508;2259;1751;2237;0.987435750999429;0.990261177512174;1.14848657909766;2569.16447744146;2240;2240;2259;0.990261177512174
2;1;5; White  ;2779;3053;2519;4095;;508;2259;1751;2916;1.37521416333524;1.29083665338645;1.14848657909766;3348.98686464877;2240;2240;2259;1.29083665338645
2;1;6; NONE   ;-132;0;0;247;;494;2687;2193;-66;-0.255357957136343;-0.0245627093412728;1.14848657909766;-75.8001142204455;2240;2465;2259;-0.026549649946529
2;1;6; Black  ;494;712;247;1106;;494;2687;2193;603;0.049703602371181;0.224413844436174;1.14848657909766;692.537407195888;2240;2465;2259;0.242567256329651
2;1;6; Red    ;1500;1631;1106;1866;;494;2687;2193;1565.5;0.48860009119927;0.582620022329736;1.14848657909766;1797.95573957738;2240;2465;2259;0.629749651383198
2;1;6; Blue   ;2100;2264;1866;2372;;494;2687;2193;2182;0.769721842225262;0.812058057312988;1.14848657909766;2505.99771559109;2240;2465;2259;0.877747517929185
2;1;6; Yellow ;2481;2687;2372;2768;;494;2687;2193;2584;0.953032375740994;0.961667286937105;1.14848657909766;2967.68932038835;2240;2465;2259;1.03945902214895
2;1;6; White  ;2849;2933;2768;4095;;494;2687;2193;2891;1.09302325581395;1.0759211016003;1.14848657909766;3320.27470017133;2240;2465;2259;1.16295512114266
2;1;7; NONE   ;-133;0;0;250;;499;2780;2281;-66.5;-0.247917580008768;-0.0239208633093525;1.14848657909766;-76.3743575099943;2240;2761;2259;-0.0238828981229895
2;1;7; Black  ;499;553;250;1108;;499;2780;2281;526;0.0118369136343709;0.189208633093525;1.14848657909766;604.103940605368;2240;2761;2259;0.18890833703297
2;1;7; Red    ;1664;1736;1108;2050;;499;2780;2281;1700;0.526523454625164;0.611510791366906;1.14848657909766;1952.42718446602;2240;2761;2259;0.610540252768154
2;1;7; Blue   ;2363;2484;2050;2590;;499;2780;2281;2423.5;0.843708899605436;0.871762589928058;1.14848657909766;2783.35722444318;2240;2761;2259;0.870379001519777
2;1;7; Yellow ;2697;2780;2590;3076;;499;2780;2281;2738.5;0.981806225339763;0.985071942446043;1.14848657909766;3145.13049685894;2240;2761;2259;0.983508518944464
2;1;7; White  ;3371;3611;3076;4095;;499;2780;2281;3491;1.31170539237177;1.25575539568345;1.14848657909766;4009.36664762993;2240;2761;2259;1.25376236612566
2;1;8; NONE   ;-125;0;0;199;;398;2981;2583;-62.5;-0.178281068524971;-0.0209661187520966;1.14848657909766;-71.7804111936037;2240;2951;2259;-0.021001126710448
2;1;8; Black  ;398;495;199;1125;;398;2981;2583;446.5;0.0187766163375919;0.149781952364978;1.14848657909766;512.799257567105;2240;2951;2259;0.150032049219441
2;1;8; Red    ;1755;1879;1125;2114;;398;2981;2583;1817;0.549361207897793;0.609527004360953;1.14848657909766;2086.80011422045;2240;2951;2259;0.610544755726145
2;1;8; Blue   ;2350;2818;2114;2831;;398;2981;2583;2584;0.846302748741773;0.866823213686682;1.14848657909766;2967.68932038835;2240;2951;2259;0.868270582716763
2;1;8; Yellow ;2844;2981;2831;3286;;398;2981;2583;2912.5;0.973480449090205;0.977021133847702;1.14848657909766;3344.96716162193;2240;2951;2259;0.978652504706878
2;1;8; White  ;3592;3732;3286;4095;;398;2981;2583;3662;1.26364692218351;1.22844682992284;1.14848657909766;4205.75785265563;2240;2951;2259;1.23049801621857
2;1;9; NONE   ;-131;0;0;157;;314;2525;2211;-65.5;-0.171641791044776;-0.0259405940594059;1.14848657909766;-75.2258709308966;2240;2346;2259;-0.0276850351742599
2;1;9; Black  ;314;376;157;936;;314;2525;2211;345;0.0140208050655812;0.136633663366337;1.14848657909766;396.227869788692;2240;2346;2259;0.145821940994193
2;1;9; Red    ;1497;1574;936;1768;;314;2525;2211;1535.5;0.552464947987336;0.608118811881188;1.14848657909766;1763.50114220445;2240;2346;2259;0.649013305497344
2;1;9; Blue   ;1962;2371;1768;2412;;314;2525;2211;2166.5;0.837856173677069;0.858019801980198;1.14848657909766;2488.19617361508;2240;2346;2259;0.915719522214259
2;1;9; Yellow ;2454;2525;2412;2896;;314;2525;2211;2489.5;0.983943916779738;0.985940594059406;1.14848657909766;2859.15733866362;2240;2346;2259;1.05224267276824
2;1;9; White  ;3268;3380;2896;4095;;314;2525;2211;3324;1.3613749434645;1.31643564356436;1.14848657909766;3817.56938892062;2240;2346;2259;1.4049627010571
2;1;10; NONE   ;-118;0;0;124;;247;2505;2258;-59;-0.135518157661647;-0.0235528942115768;1.14848657909766;-67.7607081667618;2240;2358;2259;-0.024810756033448
2;1;10; Black  ;247;393;124;930;;247;2505;2258;320;0.0323294951284322;0.127744510978044;1.14848657909766;367.515705311251;2240;2358;2259;0.134566812384803
2;1;10; Red    ;1467;1580;930;1768;;247;2505;2258;1523.5;0.565323294951284;0.608183632734531;1.14848657909766;1749.71930325528;2240;2358;2259;0.640664183338271
2;1;10; Blue   ;1957;2234;1768;2312;;247;2505;2258;2095.5;0.818644818423384;0.836526946107784;1.14848657909766;2406.65362649914;2240;2358;2259;0.881202360476105
2;1;10; Yellow ;2389;2505;2312;2766;;247;2505;2258;2447;0.974313551815766;0.97684630738523;1.14848657909766;2810.34665905197;2240;2358;2259;1.02901559345504
2;1;10; White  ;3027;3075;2766;4095;;247;2505;2258;3051;1.24180690876882;1.21796407185629;1.14848657909766;3504.03255282696;2240;2358;2259;1.28301045183135
2;1;11; NONE   ;147;194;0;302;;410;2683;2273;170.5;-0.10536735591729;0.0635482668654491;1.14848657909766;195.816961736151;2240;2440;2259;0.0692893272084703
2;1;11; Black  ;410;542;302;1075;;410;2683;2273;476;0.0290365156181258;0.177413343272456;1.14848657909766;546.679611650485;2240;2440;2259;0.193441171561477
2;1;11; Red    ;1608;1712;1075;1890;;410;2683;2273;1660;0.54993400791905;0.618710398807305;1.14848657909766;1906.48772130211;2240;2440;2259;0.674605766369858
2;1;11; Blue   ;2069;2341;1890;2424;;410;2683;2273;2205;0.789705235371755;0.821841222512113;1.14848657909766;2532.41290691034;2240;2440;2259;0.896087780027431
2;1;11; Yellow ;2507;2683;2424;2963;;410;2683;2273;2595;0.961284645842499;0.967200894521059;1.14848657909766;2980.32267275842;2240;2440;2259;1.05457949622276
2;1;11; White  ;3243;3353;2963;4095;;410;2683;2273;3298;1.27056753189617;1.22922102124488;1.14848657909766;3787.70873786408;2240;2440;2259;1.34027097439024
2;1;12; NONE   ;155;221;0;264;;306;2837;2531;188;-0.0466218885815883;0.0662671836446951;1.14848657909766;215.91547687036;2240;2632;2259;0.0708277999114652
2;1;12; Black  ;306;360;264;1114;;306;2837;2531;333;0.0106677202686685;0.117377511455763;1.14848657909766;382.44603083952;2240;2632;2259;0.125455624311266
2;1;12; Red    ;1868;1943;1114;2102;;306;2837;2531;1905.5;0.631963650730936;0.671660204441311;1.14848657909766;2188.44117647059;2240;2632;2259;0.717884961336686
2;1;12; Blue   ;2262;2328;2102;2524;;306;2837;2531;2295;0.785855393125247;0.808953119492421;1.14848657909766;2635.77669902913;2240;2632;2259;0.864626599983047
2;1;12; Yellow ;2719;2837;2524;3102;;306;2837;2531;2778;0.976689055709206;0.979203383856186;1.14848657909766;3190.49571673329;2240;2632;2259;1.04659376677686
2;1;12; White  ;3367;3431;3102;4095;;306;2837;2531;3399;1.22204662188858;1.19809658089531;1.14848657909766;3903.70588235294;2240;2632;2259;1.28055155265463
2;1;13; NONE   ;180;229;0;273;;317;2869;2552;204.5;-0.0440830721003135;0.0712791913558731;1.14848657909766;234.865505425471;2240;2669;2259;0.0759760176644905
2;1;13; Black  ;317;363;273;1080;;317;2869;2552;340;0.00901253918495298;0.11850819100732;1.14848657909766;390.485436893204;2240;2669;2259;0.126317095383505
2;1;13; Red    ;1796;2006;1080;2142;;317;2869;2552;1901;0.620689655172414;0.662600209132102;1.14848657909766;2183.27298686465;2240;2669;2259;0.706261171541302
2;1;13; Blue   ;2279;2353;2142;2555;;317;2869;2552;2316;0.783307210031348;0.807249912861624;1.14848657909766;2659.89491719018;2240;2669;2259;0.860442332082933
2;1;13; Yellow ;2757;2869;2555;3107;;317;2869;2552;2813;0.978056426332288;0.980481003834088;1.14848657909766;3230.69274700171;2240;2669;2259;1.04508820386412
2;1;13; White  ;3345;3438;3107;4095;;317;2869;2552;3391.5;1.20474137931034;1.18211920529801;1.14848657909766;3895.09223300971;2240;2669;2259;1.26001302645046
2;1;14; NONE   ;149;228;0;277;;326;3054;2728;188.5;-0.0504032258064516;0.0617223313686968;1.14848657909766;216.489720159909;2240;2680;2259;0.069744240285954
2;1;14; Black  ;326;391;277;1162;;326;3054;2728;358.5;0.0119134897360704;0.117387033398821;1.14848657909766;411.732438606511;2240;2680;2259;0.132643555132703
2;1;14; Red    ;1933;1986;1162;2126;;326;3054;2728;1959.5;0.598790322580645;0.641617550753111;1.14848657909766;2250.45945174186;2240;2680;2259;0.725007102601204
2;1;14; Blue   ;2266;2520;2126;2616;;326;3054;2728;2393;0.757697947214076;0.783562540929928;1.14848657909766;2748.3283837807;2240;2680;2259;0.885400355460414
2;1;14; Yellow ;2711;3054;2616;3250;;326;3054;2728;2882.5;0.937133431085044;0.943844138834316;1.14848657909766;3310.512564249;2240;2680;2259;1.06651338262208
2;1;14; White  ;3447;3526;3250;4095;;326;3054;2728;3486.5;1.15854105571848;1.14161755075311;1.14848657909766;4004.19845802399;2240;2680;2259;1.28999094831288
2;1;15; NONE   ;171;252;0;320;;387;3271;2884;211.5;-0.0608529819694868;0.0646591256496484;1.14848657909766;242.904911479155;2240;3103;2259;0.0675865663995645
2;1;15; Black  ;387;506;320;1331;;387;3271;2884;446.5;0.020631067961165;0.136502598593702;1.14848657909766;512.799257567105;2240;3103;2259;0.142682751287969
2;1;15; Red    ;2156;2216;1331;2452;;387;3271;2884;2186;0.62378640776699;0.668297156832773;1.14848657909766;2510.59166190748;2240;3103;2259;0.69855429857895
2;1;15; Blue   ;2688;2725;2452;2942;;387;3271;2884;2706.5;0.804264909847434;0.827422806481198;1.14848657909766;3108.37892632781;2240;3103;2259;0.864884359150928
2;1;15; Yellow ;3158;3271;2942;3479;;387;3271;2884;3214.5;0.980409153952843;0.982726994802813;1.14848657909766;3691.81010850942;2240;3103;2259;1.02721994180331
2;1;15; White  ;3687;3729;3479;4095;;387;3271;2884;3708;1.15152565880721;1.13359828798533;1.14848657909766;4258.58823529412;2240;3103;2259;1.18492193006896
3;1;0; NONE   ;262;342;0;468;;594;3711;3117;302;-0.0936798203400706;0.081379682026408;0.919104204753199;277.569469835466;2240;3735;2452;0.0738658822347574
3;1;0; Black  ;594;628;468;1577;;594;3711;3117;611;0.0054539621430863;0.164645648073296;0.919104204753199;561.572669104205;2240;3735;2452;0.149443887567671
3;1;0; Red    ;2526;2646;1577;2849;;594;3711;3117;2586;0.639076034648701;0.696847210994341;0.919104204753199;2376.80347349177;2240;3735;2452;0.632507190261863
3;1;0; Blue   ;3052;3320;2849;3499;;594;3711;3117;3186;0.831568816169394;0.858528698464026;0.919104204753199;2928.26599634369;2240;3735;2452;0.779260598675288
3;1;0; Yellow ;3678;3711;3499;3741;;594;3711;3117;3694.5;0.994706448508181;0.995553759094584;0.919104204753199;3395.63048446069;2240;3735;2452;0.903634112305666
3;1;0; White  ;3771;3799;3741;4095;;594;3711;3117;3785;1.02374077638755;1.01994071678793;0.919104204753199;3478.80941499086;2240;3735;2452;0.925769418074691
3;1;1; NONE   ;254;314;0;326;;337;3327;2990;284;-0.0177257525083612;0.0853621881574993;0.919104204753199;261.025594149909;2240;3022;2452;0.0858522007723675
3;1;1; Black  ;337;460;326;1277;;337;3327;2990;398.5;0.0205685618729097;0.119777577397054;0.919104204753199;366.26302559415;2240;3022;2452;0.120465147914748
3;1;1; Red    ;2094;2142;1277;2416;;337;3327;2990;2118;0.595652173913043;0.636609558160505;0.919104204753199;1946.66270566728;2240;3022;2452;0.640263948013642
3;1;1; Blue   ;2689;2720;2416;2908;;337;3327;2990;2704.5;0.79180602006689;0.812894499549143;0.919104204753199;2485.71732175503;2240;3022;2452;0.817560834467845
3;1;1; Yellow ;3096;3327;2908;3517;;337;3327;2990;3211.5;0.961371237458194;0.965284039675383;0.919104204753199;2951.7031535649;2240;3022;2452;0.970825150635416
3;1;1; White  ;3707;3729;3517;4095;;337;3327;2990;3718;1.13076923076923;1.11752329425909;0.919104204753199;3417.2294332724;2240;3022;2452;1.12393831856219
3;1;2; NONE   ;282;324;0;370;;415;3500;3085;303;-0.0363047001620746;0.0865714285714286;0.919104204753199;278.488574040219;2240;3308;2452;0.0836767261530207
3;1;2; Black  ;415;460;370;1369;;415;3500;3085;437.5;0.00729335494327391;0.125;0.919104204753199;402.108089579525;2240;3308;2452;0.120820355418966
3;1;2; Red    ;2278;2320;1369;2600;;415;3500;3085;2299;0.610696920583468;0.656857142857143;0.919104204753199;2113.02056672761;2240;3308;2452;0.63489370767589
3;1;2; Blue   ;2880;2973;2600;3100;;415;3500;3085;2926.5;0.814100486223663;0.836142857142857;0.919104204753199;2689.75845521024;2240;3308;2452;0.808184617448235
3;1;2; Yellow ;3226;3500;3100;3612;;415;3500;3085;3363;0.955591572123177;0.960857142857143;0.919104204753199;3090.94744058501;2240;3308;2452;0.928728812054814
3;1;2; White  ;3724;3755;3612;4095;;415;3500;3085;3739.5;1.07763371150729;1.06842857142857;0.919104204753199;3436.99017367459;2240;3308;2452;1.03270335791822
3;1;3; NONE   ;173;309;0;408;;507;3715;3208;241;-0.0829177057356609;0.0648721399730821;0.919104204753199;221.504113345521;2240;3410;2452;0.0645639683686308
3;1;3; Black  ;507;653;408;1540;;507;3715;3208;580;0.0227556109725686;0.156123822341857;0.919104204753199;533.080438756856;2240;3410;2452;0.155382164538614
3;1;3; Red    ;2427;2574;1540;2842;;507;3715;3208;2500.5;0.621415211970075;0.673082099596231;0.919104204753199;2298.22006398537;2240;3410;2452;0.669884659360005
3;1;3; Blue   ;3110;3169;2842;3416;;507;3715;3208;3139.5;0.820604738154613;0.845087483176312;0.919104204753199;2885.52765082267;2240;3410;2452;0.841072940636167
3;1;3; Yellow ;3664;3715;3416;3732;;507;3715;3208;3689.5;0.992051122194514;0.993135935397039;0.919104204753199;3391.03496343693;2240;3410;2452;0.988418096664163
3;1;3; White  ;3750;3782;3732;4095;;507;3715;3208;3766;1.01589775561097;1.01372812920592;0.919104204753199;3461.34643510055;2240;3410;2452;1.00891246836624
3;1;4; NONE   ;155;261;0;307;;353;3080;2727;208;-0.0531719838650532;0.0675324675324675;0.919104204753199;191.173674588665;2240;2881;2452;0.0659549854959053
3;1;4; Black  ;353;483;307;1170;;353;3080;2727;418;0.0238357169050238;0.135714285714286;0.919104204753199;384.185557586837;2240;2881;2452;0.132544153544656
3;1;4; Red    ;1856;1998;1170;2267;;353;3080;2727;1927;0.577191052438577;0.625649350649351;0.919104204753199;1771.11380255942;2240;2881;2452;0.611034889666392
3;1;4; Blue   ;2536;2582;2267;2808;;353;3080;2727;2559;0.808947561422809;0.830844155844156;0.919104204753199;2351.98765996344;2240;2881;2452;0.811436576365488
3;1;4; Yellow ;3035;3080;2808;3318;;353;3080;2727;3057.5;0.991749174917492;0.992694805194805;0.919104204753199;2810.16110603291;2240;2881;2452;0.969506577662165
3;1;4; White  ;3555;3619;3318;4095;;353;3080;2727;3587;1.18591859185919;1.16461038961039;0.919104204753199;3296.82678244973;2240;2881;2452;1.13740640852794
3;1;5; NONE   ;199;292;0;278;;264;2452;2188;245.5;-0.00845521023765996;0.100122349102773;0.919104204753199;225.64008226691;2240;2240;2452;0.100122349102773
3;1;5; Black  ;264;347;278;938;;264;2452;2188;305.5;0.0189670932358318;0.124592169657423;0.919104204753199;280.786334552102;2240;2240;2452;0.124592169657423
3;1;5; Red    ;1530;1585;938;1750;;264;2452;2188;1557.5;0.59117915904936;0.635195758564437;0.919104204753199;1431.50479890311;2240;2240;2452;0.635195758564437
3;1;5; Blue   ;1916;2254;1750;2290;;264;2452;2188;2085;0.832266910420475;0.850326264274062;0.919104204753199;1916.33226691042;2240;2240;2452;0.850326264274062
3;1;5; Yellow ;2326;2452;2290;2709;;264;2452;2188;2389;0.971206581352834;0.974306688417618;0.919104204753199;2195.73994515539;2240;2240;2452;0.974306688417618
3;1;5; White  ;2966;3160;2709;4095;;264;2452;2188;3063;1.27925045703839;1.24918433931485;0.919104204753199;2815.21617915905;2240;2240;2452;1.24918433931485
3;1;6; NONE   ;157;208;0;248;;287;2697;2410;182.5;-0.0433609958506224;0.067667779013719;0.919104204753199;167.736517367459;2240;2465;2452;0.0676353119860759
3;1;6; Black  ;287;377;248;990;;287;2697;2410;332;0.0186721991701245;0.123099740452354;0.919104204753199;305.142595978062;2240;2465;2452;0.123040677147272
3;1;6; Red    ;1603;1738;990;1912;;287;2697;2410;1670.5;0.574066390041494;0.619391916944753;0.919104204753199;1535.36357404022;2240;2465;2452;0.619094732453368
3;1;6; Blue   ;2087;2265;1912;2404;;287;2697;2410;2176;0.783817427385892;0.806822395253986;0.919104204753199;1999.97074954296;2240;2465;2452;0.806435281543568
3;1;6; Yellow ;2543;2697;2404;3024;;287;2697;2410;2620;0.96804979253112;0.971449758991472;0.919104204753199;2408.05301645338;2240;2465;2452;0.970983657005582
3;1;6; White  ;3351;3464;3024;4095;;287;2697;2410;3407.5;1.2948132780083;1.26344086021505;0.919104204753199;3131.84757769653;2240;2465;2452;1.26283466078112
3;1;7; NONE   ;-125;0;0;178;;357;2866;2509;-62.5;-0.167198086887206;-0.0218073970690858;0.919104204753199;-57.444012797075;2240;2761;2452;-0.0206795537706803
3;1;7; Black  ;357;423;178;1059;;357;2866;2509;390;0.0131526504583499;0.136078157711096;0.919104204753199;358.450639853748;2240;2761;2452;0.129040415529045
3;1;7; Red    ;1695;1762;1059;2069;;357;2866;2509;1728.5;0.546632124352332;0.603105373342638;0.919104204753199;1588.67161791591;2240;2761;2452;0.571913739081934
3;1;7; Blue   ;2376;2404;2069;2568;;357;2866;2509;2390;0.810282981267437;0.833914863921842;0.919104204753199;2196.65904936015;2240;2761;2452;0.790786136190814
3;1;7; Yellow ;2733;2866;2568;3267;;357;2866;2509;2799.5;0.973495416500598;0.976796929518493;0.919104204753199;2573.03222120658;2240;2761;2452;0.926278572496312
3;1;7; White  ;3668;3701;3267;4095;;357;2866;2509;3684.5;1.32622558788362;1.28558967201675;0.919104204753199;3386.43944241316;2240;2761;2452;1.21910105388914
3;1;8; NONE   ;-133;0;0;210;;420;3187;2767;-66.5;-0.175822190097579;-0.0208660181989332;0.919104204753199;-61.1204296160878;2240;2951;2452;-0.0205863801526068
3;1;8; Black  ;420;460;210;1170;;420;3187;2767;440;0.00722804481387785;0.138060872293693;0.919104204753199;404.405850091408;2240;2951;2452;0.136210635596195
3;1;8; Red    ;1879;1925;1170;2168;;420;3187;2767;1902;0.535598120708348;0.596799497960464;0.919104204753199;1748.13619744059;2240;2951;2452;0.588801429327189
3;1;8; Blue   ;2411;2694;2168;2806;;420;3187;2767;2552.5;0.770690278279725;0.800909946658299;0.919104204753199;2346.01348263254;2240;2951;2452;0.790176471271109
3;1;8; Yellow ;2919;3187;2806;3418;;420;3187;2767;3053;0.951572099747018;0.957954188892375;0.919104204753199;2806.02513711152;2240;2951;2452;0.945116069261781
3;1;8; White  ;3649;3702;3418;4095;;420;3187;2767;3675.5;1.17654499457897;1.15327894571698;0.919104204753199;3378.16750457038;2240;2951;2452;1.13782316166776
3;1;9; NONE   ;142;201;0;238;;275;2692;2417;171.5;-0.0428216797683078;0.0637072808320951;0.919104204753199;157.626371115174;2240;2346;2452;0.066782653198878
3;1;9; Black  ;275;355;238;962;;275;2692;2417;315;0.0165494414563508;0.117013372956909;0.919104204753199;289.517824497258;2240;2346;2452;0.122662016079572
3;1;9; Red    ;1569;1681;962;1885;;275;2692;2417;1625;0.558543649151841;0.603640416047548;0.919104204753199;1493.54433272395;2240;2346;2452;0.632780241680331
3;1;9; Blue   ;2089;2316;1885;2433;;275;2692;2417;2202.5;0.797476210177906;0.818164933135215;0.919104204753199;2024.32701096892;2240;2346;2452;0.857660604492879
3;1;9; Yellow ;2550;2692;2433;2982;;275;2692;2417;2621;0.970624741414977;0.973625557206538;0.919104204753199;2408.97212065814;2240;2346;2452;1.02062585442717
3;1;9; White  ;3271;3389;2982;4095;;275;2692;2417;3330;1.2639635912288;1.2369985141159;0.919104204753199;3060.61700182815;2240;2346;2452;1.29671274141262
3;1;10; NONE   ;210;317;0;290;;262;2703;2441;263.5;0.000614502253174928;0.0974842767295598;0.919104204753199;242.183957952468;2240;2358;2452;0.102085573114053
3;1;10; Black  ;262;306;290;948;;262;2703;2441;284;0.00901269971323228;0.105068442471328;0.919104204753199;261.025594149909;2240;2358;2452;0.110027714475867
3;1;10; Red    ;1589;1779;948;1942;;262;2703;2441;1684;0.582548136009832;0.623011468738439;0.919104204753199;1547.77148080439;2240;2358;2452;0.65241785625831
3;1;10; Blue   ;2105;2274;1942;2310;;262;2703;2441;2189.5;0.789635395329783;0.810025897151313;0.919104204753199;2012.37865630713;2240;2358;2452;0.848259439594757
3;1;10; Yellow ;2346;2703;2310;2910;;262;2703;2441;2524.5;0.926874231872183;0.933962264150943;0.919104204753199;2320.27856489945;2240;2358;2452;0.978045652092699
3;1;10; White  ;3117;3207;2910;4095;;262;2703;2441;3162;1.18803768947153;1.16981132075472;0.919104204753199;2906.20749542962;2240;2358;2452;1.22502687736863
3;1;11; NONE   ;263;315;0;310;;306;2650;2344;289;-0.00725255972696246;0.109056603773585;0.919104204753199;265.621115173675;2240;2440;2452;0.108202069906132
3;1;11; Black  ;306;394;310;1064;;306;2650;2344;350;0.0187713310580205;0.132075471698113;0.919104204753199;321.68647166362;2240;2440;2452;0.131040569090471
3;1;11; Red    ;1733;1790;1064;1954;;306;2650;2344;1761.5;0.620947098976109;0.664716981132075;0.919104204753199;1619.00205667276;2240;2440;2452;0.659508464151044
3;1;11; Blue   ;2117;2500;1954;2522;;306;2650;2344;2308.5;0.854308873720136;0.871132075471698;0.919104204753199;2121.75205667276;2240;2440;2452;0.864306153558153
3;1;11; Yellow ;2543;2650;2522;2904;;306;2650;2344;2596.5;0.977175767918089;0.979811320754717;0.919104204753199;2386.45406764168;2240;2440;2452;0.972133821838312
3;1;11; White  ;3159;3301;2904;4095;;306;2650;2344;3230;1.24744027303754;1.2188679245283;0.919104204753199;2968.70658135283;2240;2440;2452;1.20931725189207
3;1;12; NONE   ;234;294;0;321;;348;2905;2557;264;-0.0328509972624169;0.0908777969018933;0.919104204753199;242.643510054845;2240;2632;2452;0.0916316684599632
3;1;12; Black  ;348;398;321;1114;;348;2905;2557;373;0.00977708251857646;0.128399311531842;0.919104204753199;342.825868372943;2240;2632;2452;0.129464440665024
3;1;12; Red    ;1829;1882;1114;2060;;348;2905;2557;1855.5;0.58955807587016;0.638726333907057;0.919104204753199;1705.39785191956;2240;2632;2452;0.644024851619173
3;1;12; Blue   ;2238;2591;2060;2716;;348;2905;2557;2414.5;0.80817364098553;0.831153184165232;0.919104204753199;2219.1771023766;2240;2632;2452;0.83804796779008
3;1;12; Yellow ;2842;2905;2716;3162;;348;2905;2557;2873.5;0.987680876026594;0.989156626506024;0.919104204753199;2641.04593235832;2240;2632;2452;0.997362118635243
3;1;12; White  ;3419;3473;3162;4095;;348;2905;2557;3446;1.21157606570199;1.18623063683305;0.919104204753199;3167.23308957952;2240;2632;2452;1.19607094512513
3;1;13; NONE   ;263;320;0;329;;338;2787;2449;291.5;-0.0189873417721519;0.10459275206315;0.919104204753199;267.918875685558;2240;2669;2452;0.0997740354025464
3;1;13; Black  ;338;370;329;1120;;338;2787;2449;354;0.00653327888934259;0.127018299246502;0.919104204753199;325.362888482633;2240;2669;2452;0.121166410060039
3;1;13; Red    ;1870;1924;1120;2099;;338;2787;2449;1897;0.636586361780318;0.680660208109078;0.919104204753199;1743.54067641682;2240;2669;2452;0.649301355604222
3;1;13; Blue   ;2274;2575;2099;2636;;338;2787;2449;2424.5;0.851980400163332;0.869931826336563;0.919104204753199;2228.36814442413;2240;2669;2452;0.829852997713461
3;1;13; Yellow ;2697;2787;2636;3129;;338;2787;2449;2742;0.981625153123724;0.983853606027987;0.919104204753199;2520.18372943327;2240;2669;2452;0.938526260973524
3;1;13; White  ;3471;3502;3129;4095;;338;2787;2449;3486.5;1.28562678644345;1.25098672407607;0.919104204753199;3204.45680987203;2240;2669;2452;1.19335222789358
3;1;14; NONE   ;240;287;0;298;;308;2994;2686;263.5;-0.0165673864482502;0.0880093520374081;0.919104204753199;242.183957952468;2240;2680;2452;0.0898200676876628
3;1;14; Black  ;308;442;298;1172;;308;2994;2686;375;0.0249441548771407;0.125250501002004;0.919104204753199;344.66407678245;2240;2680;2452;0.127827420807869
3;1;14; Red    ;1902;1991;1172;2128;;308;2994;2686;1946.5;0.610014892032763;0.650133600534402;0.919104204753199;1789.0363345521;2240;2680;2452;0.66350953227338
3;1;14; Blue   ;2266;2659;2128;2776;;308;2994;2686;2462.5;0.802122114668652;0.82247828991316;0.919104204753199;2263.29410420475;2240;2680;2452;0.839400063305008
3;1;14; Yellow ;2894;2994;2776;3299;;308;2994;2686;2944;0.98138495904691;0.983299933199733;0.919104204753199;2705.84277879342;2240;2680;2452;1.00353047162231
3;1;14; White  ;3604;3676;3299;4095;;308;2994;2686;3640;1.24050632911392;1.21576486305945;0.919104204753199;3345.53930530165;2240;2680;2452;1.24077816464172
3;1;15; NONE   ;246;323;0;355;;387;3227;2840;284.5;-0.0360915492957746;0.0881623799194298;0.919104204753199;261.485146252285;2240;3103;2452;0.0837583373244542
3;1;15; Black  ;387;442;355;1280;;387;3227;2840;414.5;0.00968309859154929;0.128447474434459;0.919104204753199;380.968692870201;2240;3103;2452;0.12203103979257
3;1;15; Red    ;2118;2262;1280;2504;;387;3227;2840;2190;0.634859154929577;0.678648899907034;0.919104204753199;2012.83820840951;2240;3103;2452;0.644747833885957
3;1;15; Blue   ;2746;2880;2504;3012;;387;3227;2840;2813;0.854225352112676;0.871707468236752;0.919104204753199;2585.44012797075;2240;3103;2452;0.828162400329313
3;1;15; Yellow ;3143;3227;3012;3458;;387;3227;2840;3185;0.985211267605634;0.986984815618221;0.919104204753199;2927.34689213894;2240;3103;2452;0.937681210468846
3;1;15; White  ;3689;3712;3458;4095;;387;3227;2840;3700.5;1.16672535211268;1.14673070963743;0.919104204753199;3401.14510968921;2240;3103;2452;1.08944719602511
4;1;0; NONE   ;248;325;0;436;;546;3678;3132;286.5;-0.0828544061302682;0.0778955954323002;0.839315525876461;240.463898163606;2240;3735;2605;0.0659590376862537
4;1;0; Black  ;546;668;436;1508;;546;3678;3132;607;0.0194763729246488;0.165035345296357;0.839315525876461;509.464524207012;2240;3735;2605;0.139745674958311
4;1;0; Red    ;2348;2468;1508;2924;;546;3678;3132;2408;0.594508301404853;0.654703643284394;0.839315525876461;2021.07178631052;2240;3735;2605;0.554378229488652
4;1;0; Blue   ;3379;3629;2924;3593;;546;3678;3132;3504;0.944444444444444;0.952691680261011;0.839315525876461;2940.96160267112;2240;3735;2605;0.806703204372191
4;1;0; Yellow ;3557;3678;3593;3728;;546;3678;3132;3617.5;0.980683269476373;0.983550842849375;0.839315525876461;3036.2239148581;2240;3735;2605;0.83283357357774
4;1;0; White  ;3777;3794;3728;4095;;546;3678;3132;3785.5;1.03432311621967;1.02922784121805;0.839315525876461;3177.22892320534;2240;3735;2605;0.871511124472297
4;1;1; NONE   ;222;276;0;343;;410;3401;2991;249;-0.0538281511200267;0.0732137606586298;0.839315525876461;208.989565943239;2240;3022;2605;0.0708508684236266
4;1;1; Black  ;410;436;343;1198;;410;3401;2991;423;0.00434637245068539;0.12437518376948;0.839315525876461;355.030467445743;2240;3022;2605;0.120361113828089
4;1;1; Red    ;1960;2121;1198;2458;;410;3401;2991;2040.5;0.545135406218656;0.59997059688327;0.839315525876461;1712.62333055092;2240;3022;2605;0.580607216941406
4;1;1; Blue   ;2795;3068;2458;3121;;410;3401;2991;2931.5;0.843029087261785;0.861952366950897;0.839315525876461;2460.45346410684;2240;3022;2605;0.834133818409082
4;1;1; Yellow ;3174;3401;3121;3558;;410;3401;2991;3287.5;0.962052825142093;0.966627462511026;0.839315525876461;2759.24979131886;2240;3022;2605;0.93543064234005
4;1;1; White  ;3714;3749;3558;4095;;410;3401;2991;3731.5;1.11049816115012;1.09717730079388;0.839315525876461;3131.90588480801;2240;3022;2605;1.0617671306135
4;1;2; NONE   ;255;306;0;356;;406;3534;3128;280.5;-0.0401214833759591;0.0793718166383701;0.839315525876461;235.428005008347;2240;3308;2605;0.0729134512506179
4;1;2; Black  ;406;497;356;1316;;406;3534;3128;451.5;0.0145460358056266;0.127758913412564;0.839315525876461;378.950959933222;2240;3308;2605;0.117363362708214
4;1;2; Red    ;2135;2236;1316;2612;;406;3534;3128;2185.5;0.568893861892583;0.618421052631579;0.839315525876461;1834.32408180301;2240;3308;2605;0.568101061348398
4;1;2; Blue   ;2988;3171;2612;3222;;406;3534;3128;3079.5;0.854699488491049;0.871392190152801;0.839315525876461;2584.67216193656;2240;3308;2605;0.800488317740741
4;1;2; Yellow ;3273;3534;3222;3632;;406;3534;3128;3403.5;0.958280051150895;0.963073005093379;0.839315525876461;2856.61039232053;2240;3308;2605;0.884709202607765
4;1;2; White  ;3730;3780;3632;4095;;406;3534;3128;3755;1.07065217391304;1.06253537068478;0.839315525876461;3151.62979966611;2240;3308;2605;0.976078465048379
4;1;3; NONE   ;184;246;0;344;;442;3763;3321;215;-0.0683529057512797;0.0571352644166888;0.839315525876461;180.452838063439;2240;3410;2605;0.054215612880711
4;1;3; Black  ;442;524;344;1448;;442;3763;3321;483;0.0123456790123457;0.128355035875631;0.839315525876461;405.389398998331;2240;3410;2605;0.121796004750621
4;1;3; Red    ;2371;2460;1448;2820;;442;3763;3321;2415.5;0.59424872026498;0.641908052086101;0.839315525876461;2027.36665275459;2240;3410;2605;0.609106106573756
4;1;3; Blue   ;3180;3286;2820;3489;;442;3763;3321;3233;0.840409515206263;0.859154929577465;0.839315525876461;2713.5070951586;2240;3410;2605;0.81525151834111
4;1;3; Yellow ;3692;3763;3489;3766;;442;3763;3321;3727.5;0.989310448660042;0.990566037735849;0.839315525876461;3128.54862270451;2240;3410;2605;0.939947427966746
4;1;3; White  ;3768;3797;3766;4095;;442;3763;3321;3782.5;1.00587172538392;1.00518203560989;0.839315525876461;3174.71097662771;2240;3410;2605;0.953816538238555
4;1;4; NONE   ;210;281;0;297;;313;3155;2842;245.5;-0.0237508796622097;0.0778129952456418;0.839315525876461;206.051961602671;2240;2881;2605;0.0732737686383953
4;1;4; Black  ;313;379;297;1142;;313;3155;2842;346;0.0116115411681914;0.109667194928685;0.839315525876461;290.403171953255;2240;2881;2605;0.103269751319286
4;1;4; Red    ;1904;1952;1142;2216;;313;3155;2842;1928;0.56826178747361;0.611093502377179;0.839315525876461;1618.20033388982;2240;2881;2605;0.575445319490127
4;1;4; Blue   ;2480;2648;2216;2850;;313;3155;2842;2564;0.792047853624208;0.812678288431062;0.839315525876461;2152.00500834724;2240;2881;2605;0.765270642724422
4;1;4; Yellow ;3052;3155;2850;3410;;313;3155;2842;3103.5;0.981878958479944;0.983676703645008;0.839315525876461;2604.8157345576;2240;2881;2605;0.926293853235274
4;1;4; White  ;3664;3698;3410;4095;;313;3155;2842;3681;1.18508092892329;1.16671949286846;0.839315525876461;3089.52045075125;2240;2881;2605;1.09865882834189
4;1;5; NONE   ;257;334;0;272;;209;2605;2396;295.5;0.03610183639399;0.113435700575816;0.839315525876461;248.017737896494;2240;2240;2605;0.113435700575816
4;1;5; Black  ;209;313;272;902;;209;2605;2396;261;0.0217028380634391;0.100191938579655;0.839315525876461;219.061352253756;2240;2240;2605;0.100191938579655
4;1;5; Red    ;1490;1600;902;1820;;209;2605;2396;1545;0.557595993322204;0.593090211132438;0.839315525876461;1296.74248747913;2240;2240;2605;0.593090211132438
4;1;5; Blue   ;2041;2257;1820;2369;;209;2605;2396;2149;0.809682804674457;0.824952015355086;0.839315525876461;1803.68906510851;2240;2240;2605;0.824952015355086
4;1;5; Yellow ;2481;2605;2369;2728;;209;2605;2396;2543;0.974123539232053;0.976199616122841;0.839315525876461;2134.37938230384;2240;2240;2605;0.976199616122841
4;1;5; White  ;2850;3066;2728;4095;;209;2605;2396;2958;1.14732888146912;1.13550863723608;0.839315525876461;2482.69532554257;2240;2240;2605;1.13550863723608
4;1;6; NONE   ;222;304;0;285;;266;2781;2515;263;-0.00119284294234592;0.0945702984537936;0.839315525876461;220.739983305509;2240;2465;2605;0.0917443051083694
4;1;6; Black  ;266;381;285;1020;;266;2781;2515;323.5;0.0228628230616302;0.116325062927005;0.839315525876461;271.518572621035;2240;2465;2605;0.112848983659914
4;1;6; Red    ;1660;1779;1020;2024;;266;2781;2515;1719.5;0.5779324055666;0.618302768788206;0.839315525876461;1443.20304674457;2240;2465;2605;0.599826359824491
4;1;6; Blue   ;2270;2459;2024;2572;;266;2781;2515;2364.5;0.834393638170974;0.850233728874506;0.839315525876461;1984.56156093489;2240;2465;2605;0.824826651820302
4;1;6; Yellow ;2684;2781;2572;3095;;266;2781;2515;2732.5;0.980715705765408;0.982560230133046;0.839315525876461;2293.42967445743;2240;2465;2605;0.953198911439617
4;1;6; White  ;3409;3496;3095;4095;;266;2781;2515;3452.5;1.26699801192843;1.24145990650845;0.839315525876461;2897.73685308848;2240;2465;2605;1.2043620280861
4;1;7; NONE   ;182;265;0;292;;320;3058;2738;223.5;-0.0352447041636231;0.0730869849574886;0.839315525876461;187.587020033389;2240;2761;2605;0.069606758796258
4;1;7; Black  ;320;368;292;1128;;320;3058;2738;344;0.00876552227903579;0.112491824722041;0.839315525876461;288.724540901502;2240;2761;2605;0.10713523501527
4;1;7; Red    ;1887;1939;1128;2241;;320;3058;2738;1913;0.581811541271001;0.625572269457162;0.839315525876461;1605.61060100167;2240;2761;2605;0.595784024954101
4;1;7; Blue   ;2543;2600;2241;2778;;320;3058;2738;2571.5;0.822315558802045;0.840909090909091;0.839315525876461;2158.29987479132;2240;2761;2605;0.800867025702807
4;1;7; Yellow ;2956;3058;2778;3356;;320;3058;2738;3007;0.981373265157049;0.983322432962721;0.839315525876461;2523.82178631052;2240;2761;2605;0.936498987473592
4;1;7; White  ;3655;3693;3356;4095;;320;3058;2738;3674;1.22498173849525;1.20143884892086;0.839315525876461;3083.64524207012;2240;2761;2605;1.14422922513401
4;1;8; NONE   ;206;273;0;320;;366;3300;2934;239.5;-0.0431152010906612;0.0725757575757576;0.839315525876461;201.016068447412;2240;2951;2605;0.0697873325740778
4;1;8; Black  ;366;476;320;1202;;366;3300;2934;421;0.0187457396046353;0.127575757575758;0.839315525876461;353.35183639399;2240;2951;2605;0.122674183773222
4;1;8; Red    ;1927;2074;1202;2296;;366;3300;2934;2000.5;0.557089297886844;0.606212121212121;0.839315525876461;1679.05070951586;2240;2951;2605;0.582920913630241
4;1;8; Blue   ;2517;2800;2296;2941;;366;3300;2934;2658.5;0.781356509884117;0.805606060606061;0.839315525876461;2231.32032554257;2240;2951;2605;0.774653960952759
4;1;8; Yellow ;3082;3300;2941;3499;;366;3300;2934;3191;0.962849352419905;0.966969696969697;0.839315525876461;2678.25584307179;2240;2951;2605;0.929817863231241
4;1;8; White  ;3698;3719;3499;4095;;366;3300;2934;3708.5;1.13922972051806;1.12378787878788;0.839315525876461;3112.60162771285;2240;2951;2605;1.08061095136103
4;1;9; NONE   ;246;313;0;274;;234;2757;2523;279.5;0.0180340864050733;0.101378309756982;0.839315525876461;234.588689482471;2240;2346;2605;0.102445785123696
4;1;9; Black  ;234;345;274;986;;234;2757;2523;289.5;0.0219976218787158;0.105005440696409;0.839315525876461;242.981844741235;2240;2346;2605;0.106111108383936
4;1;9; Red    ;1627;1686;986;1872;;234;2757;2523;1656.5;0.563812921125644;0.600834240116068;0.839315525876461;1390.32616861436;2240;2346;2605;0.607160798058688
4;1;9; Blue   ;2057;2374;1872;2440;;234;2757;2523;2215.5;0.785374554102259;0.803590859630033;0.839315525876461;1859.5035475793;2240;2346;2605;0.812052368306081
4;1;9; Yellow ;2506;2757;2440;3002;;234;2757;2523;2631.5;0.950257629805787;0.954479506710192;0.839315525876461;2208.65880634391;2240;2346;2605;0.964529815932048
4;1;9; White  ;3248;3323;3002;4095;;234;2757;2523;3285.5;1.20947284978201;1.19169387014871;0.839315525876461;2757.57116026711;2240;2346;2605;1.20424195715172
4;1;10; NONE   ;245;305;0;269;;233;2609;2376;275;0.0176767676767677;0.105404369490226;0.839315525876461;230.811769616027;2240;2358;2605;0.100283430930601
4;1;10; Black  ;233;308;269;953;;233;2609;2376;270.5;0.0157828282828283;0.10367957071675;0.839315525876461;227.034849749583;2240;2358;2605;0.0986424293335547
4;1;10; Red    ;1598;1692;953;1897;;233;2609;2376;1645;0.594276094276094;0.630509773859716;0.839315525876461;1380.67404006678;2240;2358;2605;0.599877250475777
4;1;10; Blue   ;2102;2450;1897;2455;;233;2609;2376;2276;0.859848484848485;0.872364890762744;0.839315525876461;1910.28213689482;2240;2358;2605;0.82998214108381
4;1;10; Yellow ;2460;2609;2455;2800;;233;2609;2376;2534.5;0.968644781144781;0.971444998083557;0.839315525876461;2127.24520033389;2240;2358;2605;0.924248566158575
4;1;10; White  ;2992;3062;2800;4095;;233;2609;2376;3027;1.17592592592593;1.16021464162514;0.839315525876461;2540.60809682805;2240;2358;2605;1.10384707427974
4;1;11; NONE   ;240;302;0;284;;265;2752;2487;271;0.00241254523522316;0.0984738372093023;0.839315525876461;227.454507512521;2240;2440;2605;0.0955036027815361
4;1;11; Black  ;265;344;284;975;;265;2752;2487;304.5;0.0158825894652191;0.110646802325581;0.839315525876461;255.571577629382;2240;2440;2605;0.107309398697335
4;1;11; Red    ;1606;1704;975;1943;;265;2752;2487;1655;0.558906312826699;0.601380813953488;0.839315525876461;1389.06719532554;2240;2440;2605;0.583241559422296
4;1;11; Blue   ;2182;2453;1943;2504;;265;2752;2487;2317.5;0.825291515882589;0.842114825581395;0.839315525876461;1945.1137312187;2240;2440;2605;0.816714389100406
4;1;11; Yellow ;2555;2752;2504;3034;;265;2752;2487;2653.5;0.960394049055086;0.964207848837209;0.839315525876461;2227.12374791319;2240;2440;2605;0.935124760076775
4;1;11; White  ;3316;3415;3034;4095;;265;2752;2487;3365.5;1.24668275030157;1.22292877906977;0.839315525876461;2824.71640233723;2240;2440;2605;1.1860419747648
4;1;12; NONE   ;213;270;0;291;;312;3030;2718;241.5;-0.0259381898454746;0.0797029702970297;0.839315525876461;202.694699499165;2240;2632;2605;0.0788990076367052
4;1;12; Black  ;312;498;291;1127;;312;3030;2718;405;0.0342163355408389;0.133663366336634;0.839315525876461;339.922787979967;2240;2632;2605;0.132315105974599
4;1;12; Red    ;1756;1819;1127;2041;;312;3030;2718;1787.5;0.542862398822664;0.58993399339934;0.839315525876461;1500.27650250417;2240;2632;2605;0.583983338097766
4;1;12; Blue   ;2263;2713;2041;2710;;312;3030;2718;2488;0.800588668138337;0.821122112211221;0.839315525876461;2088.21702838063;2240;2632;2605;0.812839465839017
4;1;12; Yellow ;2708;3030;2710;3261;;312;3030;2718;2869;0.940765268579838;0.946864686468647;0.839315525876461;2407.99624373957;2240;2632;2605;0.93731367664475
4;1;12; White  ;3492;3617;3261;4095;;312;3030;2718;3554.5;1.1929727740986;1.17310231023102;0.839315525876461;2983.34703672788;2240;2632;2605;1.16126924490546
4;1;13; NONE   ;250;292;0;310;;328;2990;2662;271;-0.021412471825695;0.0906354515050167;0.839315525876461;227.454507512521;2240;2669;2605;0.0873094008193886
4;1;13; Black  ;328;388;310;1076;;328;2990;2662;358;0.0112697220135237;0.119732441471572;0.839315525876461;300.474958263773;2240;2669;2605;0.115338618056609
4;1;13; Red    ;1763;1821;1076;2079;;328;2990;2662;1792;0.549962434259955;0.59933110367893;0.839315525876461;1504.05342237062;2240;2669;2605;0.577337440104592
4;1;13; Blue   ;2337;2469;2079;2700;;328;2990;2662;2403;0.779489105935387;0.803678929765886;0.839315525876461;2016.87520868114;2240;2669;2605;0.774186310586682
4;1;13; Yellow ;2930;2990;2700;3210;;328;2990;2662;2960;0.988730277986476;0.989966555183946;0.839315525876461;2484.37395659432;2240;2669;2605;0.953637735887049
4;1;13; White  ;3429;3519;3210;4095;;328;2990;2662;3474;1.18181818181818;1.161872909699;0.839315525876461;2915.78213689482;2240;2669;2605;1.11923564002419
4;1;14; NONE   ;228;277;0;281;;285;3091;2806;252.5;-0.0115823235923022;0.0816887738595924;0.839315525876461;211.927170283806;2240;2680;2605;0.0810152691437248
4;1;14; Black  ;285;345;281;1095;;285;3091;2806;315;0.0106913756236636;0.101908767389194;0.839315525876461;264.384390651085;2240;2680;2605;0.101068553585241
4;1;14; Red    ;1845;1958;1095;2204;;285;3091;2806;1901.5;0.576086956521739;0.615173083144613;0.839315525876461;1595.95847245409;2240;2680;2605;0.610101125848684
4;1;14; Blue   ;2449;2502;2204;2758;;285;3091;2806;2475.5;0.780648610121169;0.800873503720479;0.839315525876461;2077.72558430718;2240;2680;2605;0.794270490159567
4;1;14; Yellow ;3015;3091;2758;3325;;285;3091;2806;3053;0.986457590876693;0.987706243934002;0.839315525876461;2562.43030050083;2240;2680;2605;0.979562838399175
4;1;14; White  ;3559;3605;3325;4095;;285;3091;2806;3582;1.17498218104063;1.15884826916855;0.839315525876461;3006.42821368948;2240;2680;2605;1.14929383791217
4;1;15; NONE   ;239;303;0;368;;433;3393;2960;271;-0.0547297297297297;0.0798703212496316;0.839315525876461;227.454507512521;2240;3103;2605;0.0750979022839021
4;1;15; Black  ;433;494;368;1336;;433;3393;2960;463.5;0.0103040540540541;0.136604774535809;0.839315525876461;389.02274624374;2240;3103;2605;0.128442353168224
4;1;15; Red    ;2179;2258;1336;2486;;433;3393;2960;2218.5;0.60320945945946;0.653846153846154;0.839315525876461;1862.02149415693;2240;3103;2605;0.614777476814896
4;1;15; Blue   ;2714;2895;2486;3076;;433;3393;2960;2804.5;0.801182432432432;0.826554671382258;0.839315525876461;2353.86039232053;2240;3103;2605;0.777166298727688
4;1;15; Yellow ;3258;3393;3076;3554;;433;3393;2960;3325.5;0.977195945945946;0.980106100795756;0.839315525876461;2791.14378130217;2240;3103;2605;0.921542708653566
4;1;15; White  ;3714;3741;3554;4095;;433;3393;2960;3727.5;1.11300675675676;1.09858532272325;0.839315525876461;3128.54862270451;2240;3103;2605;1.03294254894186
5;1;0; NONE   ;0;11;0;213;;415;3347;2932;5.5;-0.139665757162347;0.0016432626232447;0.839315525876461;4.61623539232053;2240;3735;2129;0.0015493318192136
5;1;0; Black  ;415;489;213;1280;;415;3347;2932;452;0.0126193724420191;0.135046310128473;0.839315525876461;379.37061769616;2240;3735;2129;0.127326905869918
5;1;0; Red    ;2072;2149;1280;2354;;415;3347;2932;2110.5;0.578274215552524;0.630564684792351;0.839315525876461;1771.37541736227;2240;3735;2129;0.594520873536419
5;1;0; Blue   ;2558;2726;2354;3002;;415;3347;2932;2642;0.759549795361528;0.789363609202271;0.839315525876461;2217.47161936561;2240;3735;2129;0.744242666611333
5;1;0; Yellow ;3278;3347;3002;3556;;415;3347;2932;3312.5;0.988233287858117;0.98969226172692;0.839315525876461;2780.23267946578;2240;3735;2129;0.933120300208191
5;1;0; White  ;3766;3793;3556;4095;;415;3347;2932;3779.5;1.1475102319236;1.12922019719151;0.839315525876461;3172.19303005008;2240;3735;2129;1.06467265649415
5;1;1; NONE   ;0;0;0;130;;260;2815;2555;0;-0.101761252446184;0;0.839315525876461;0;2240;3022;2129;0
5;1;1; Black  ;260;380;130;1008;;260;2815;2555;320;0.0234833659491194;0.113676731793961;0.839315525876461;268.580968280467;2240;3022;2129;0.111410949420859
5;1;1; Red    ;1637;1710;1008;2012;;260;2815;2555;1673.5;0.553228962818004;0.59449378330373;0.839315525876461;1404.59453255426;2240;3022;2129;0.582644449549398
5;1;1; Blue   ;2313;2395;2012;2540;;260;2815;2555;2354;0.819569471624266;0.836234458259325;0.839315525876461;1975.74874791319;2240;3022;2129;0.819566796677193
5;1;1; Yellow ;2685;2815;2540;3110;;260;2815;2555;2750;0.974559686888454;0.976909413854352;0.839315525876461;2308.11769616027;2240;3022;2129;0.957437846585506
5;1;1; White  ;3404;3532;3110;4095;;260;2815;2555;3468;1.25557729941292;1.23197158081705;0.839315525876461;2910.74624373957;2240;3022;2129;1.20741616434856
5;1;2; NONE   ;0;20;0;150;;280;3048;2768;10;-0.0975433526011561;0.00328083989501312;0.839315525876461;8.39315525876461;2240;3308;2129;0.00318058389840761
5;1;2; Black  ;280;484;150;1174;;280;3048;2768;382;0.036849710982659;0.125328083989501;0.839315525876461;320.618530884808;2240;3308;2129;0.121498304919171
5;1;2; Red    ;1863;1931;1174;2158;;280;3048;2768;1897;0.584176300578035;0.62237532808399;0.839315525876461;1592.18155258765;2240;3308;2129;0.603356765527923
5;1;2; Blue   ;2385;2518;2158;2713;;280;3048;2768;2451.5;0.784501445086705;0.804297900262467;0.839315525876461;2057.58201168614;2240;3308;2129;0.779720142694625
5;1;2; Yellow ;2908;3048;2713;3252;;280;3048;2768;2978;0.97471098265896;0.977034120734908;0.839315525876461;2499.4816360601;2240;3308;2129;0.947177884945785
5;1;2; White  ;3456;3484;3252;4095;;280;3048;2768;3470;1.15245664739884;1.13845144356955;0.839315525876461;2912.42487479132;2240;3308;2129;1.10366261274744
5;1;3; NONE   ;0;8;0;196;;385;3314;2929;4;-0.130078525093889;0.0012070006035003;0.839315525876461;3.35726210350584;2240;3410;2129;0.00123417847928825
5;1;3; Black  ;385;501;196;1256;;385;3314;2929;443;0.0198019801980198;0.133675316837658;0.839315525876461;371.816777963272;2240;3410;2129;0.136685266581174
5;1;3; Red    ;2010;2123;1256;2398;;385;3314;2929;2066.5;0.574086719016729;0.623566686783343;0.839315525876461;1734.44553422371;2240;3410;2129;0.637607456862294
5;1;3; Blue   ;2672;2805;2398;3015;;385;3314;2929;2738.5;0.803516558552407;0.826342788171394;0.839315525876461;2298.46556761269;2240;3410;2129;0.844949441382721
5;1;3; Yellow ;3225;3314;3015;3531;;385;3314;2929;3269.5;0.984807101399795;0.986572118286059;0.839315525876461;2744.14211185309;2240;3410;2129;1.00878663450824
5;1;3; White  ;3748;3770;3531;4095;;385;3314;2929;3759;1.15192898600205;1.13427881713941;0.839315525876461;3154.98706176962;2240;3410;2129;1.15981922591114
5;1;4; NONE   ;0;0;0;122;;243;2620;2377;0;-0.102229701304165;0;0.839315525876461;0;2240;2881;2129;0
5;1;4; Black  ;243;348;122;968;;243;2620;2377;295.5;0.0220866638620109;0.112786259541985;0.839315525876461;248.017737896494;2240;2881;2129;0.107916184965915
5;1;4; Red    ;1587;1669;968;1881;;243;2620;2377;1628;0.582667227597812;0.621374045801527;0.839315525876461;1366.40567612688;2240;2881;2129;0.594543313450118
5;1;4; Blue   ;2093;2205;1881;2364;;243;2620;2377;2149;0.801851072780816;0.820229007633588;0.839315525876461;1803.68906510851;2240;2881;2129;0.784811781697975
5;1;4; Yellow ;2524;2620;2364;2904;;243;2620;2377;2572;0.979806478754733;0.981679389312977;0.839315525876461;2158.71953255426;2240;2881;2129;0.939290787588269
5;1;4; White  ;3187;3257;2904;4095;;243;2620;2377;3222;1.25326041228439;1.22977099236641;0.839315525876461;2704.27462437396;2240;2881;2129;1.17666987465373
5;1;5; NONE   ;0;8;0;70;;132;2129;1997;4;-0.0640961442163245;0.00187881634570221;0.839315525876461;3.35726210350584;2240;2240;2129;0.00187881634570221
5;1;5; Black  ;132;206;70;755;;132;2129;1997;169;0.0185277916875313;0.0793799906059183;0.839315525876461;141.844323873122;2240;2240;2129;0.0793799906059183
5;1;5; Red    ;1304;1350;755;1532;;132;2129;1997;1327;0.598397596394592;0.623297322686707;0.839315525876461;1113.77170283806;2240;2240;2129;0.623297322686707
5;1;5; Blue   ;1713;1830;1532;1940;;132;2129;1997;1771.5;0.820981472208313;0.832080789102865;0.839315525876461;1486.84745409015;2240;2240;2129;0.832080789102865
5;1;5; Yellow ;2050;2129;1940;2344;;132;2129;1997;2089.5;0.980220330495744;0.981446688586191;0.839315525876461;1753.74979131886;2240;2240;2129;0.981446688586191
5;1;5; White  ;2559;2741;2344;4095;;132;2129;1997;2650;1.26089133700551;1.24471582902771;0.839315525876461;2224.18614357262;2240;2240;2129;1.24471582902771
5;1;6; NONE   ;0;0;0;100;;199;2384;2185;0;-0.0910755148741419;0;0.839315525876461;0;2240;2465;2129;0
5;1;6; Black  ;199;318;100;910;;199;2384;2185;258.5;0.0272311212814645;0.108431208053691;0.839315525876461;216.963063439065;2240;2465;2129;0.110335681218601
5;1;6; Red    ;1503;1571;910;1736;;199;2384;2185;1537;0.612356979405034;0.644714765100671;0.839315525876461;1290.02796327212;2240;2465;2129;0.656038460475783
5;1;6; Blue   ;1900;2119;1736;2195;;199;2384;2185;2009.5;0.828604118993135;0.842911073825503;0.839315525876461;1686.60454924875;2240;2465;2129;0.857715866184831
5;1;6; Yellow ;2271;2384;2195;2619;;199;2384;2185;2327.5;0.974141876430206;0.97630033557047;0.839315525876461;1953.50688647746;2240;2465;2129;0.993447961455682
5;1;6; White  ;2854;3029;2619;4095;;199;2384;2185;2941.5;1.25514874141876;1.23385067114094;0.839315525876461;2468.84661936561;2240;2465;2129;1.25552188125538
5;1;7; NONE   ;0;14;0;124;;235;2599;2364;7;-0.0964467005076142;0.00269334359368988;0.839315525876461;5.87520868113523;2240;2761;2129;0.00266749731081226
5;1;7; Black  ;235;274;124;884;;235;2599;2364;254.5;0.00824873096446701;0.0979222777991535;0.839315525876461;213.605801335559;2240;2761;2129;0.0969825808002458
5;1;7; Red    ;1494;1575;884;1816;;235;2599;2364;1534.5;0.549703891708968;0.590419392073875;0.839315525876461;1287.92967445743;2240;2761;2129;0.584753517634488
5;1;7; Blue   ;2057;2255;1816;2325;;235;2599;2364;2156;0.812605752961083;0.829549826856483;0.839315525876461;1809.56427378965;2240;2761;2129;0.821589171730177
5;1;7; Yellow ;2395;2599;2325;2862;;235;2599;2364;2497;0.956852791878173;0.960754136206233;0.839315525876461;2095.77086811352;2240;2761;2129;0.951534397871174
5;1;7; White  ;3124;3189;2862;4095;;235;2599;2364;3156.5;1.23582910321489;1.21450557906887;0.839315525876461;2649.29945742905;2240;2761;2129;1.20285075165413
5;1;8; NONE   ;0;9;0;174;;339;2649;2310;4.5;-0.144805194805195;0.00169875424688562;0.839315525876461;3.77691986644407;2240;2951;2129;0.00160441111188396
5;1;8; Black  ;339;391;174;1041;;339;2649;2310;365;0.0112554112554113;0.137787844469611;0.839315525876461;306.350166944908;2240;2951;2129;0.130135567963921
5;1;8; Red    ;1691;1739;1041;1942;;339;2649;2310;1715;0.595670995670996;0.647414118535296;0.839315525876461;1439.42612687813;2240;2951;2129;0.611458901529109
5;1;8; Blue   ;2145;2232;1942;2402;;339;2649;2310;2188.5;0.800649350649351;0.826160815402039;0.839315525876461;1836.84202838063;2240;2951;2129;0.780278604079565
5;1;8; Yellow ;2571;2649;2402;2979;;339;2649;2310;2610;0.983116883116883;0.985277463193658;0.839315525876461;2190.61352253756;2240;2951;2129;0.930558444892696
5;1;8; White  ;3309;3387;2979;4095;;339;2649;2310;3348;1.3025974025974;1.2638731596829;0.839315525876461;2810.02838063439;2240;2951;2129;1.19368186724167
5;1;9; NONE   ;0;18;0;101;;184;2242;2058;9;-0.0850340136054422;0.004014272970562;0.839315525876461;7.55383973288815;2240;2346;2129;0.0040363317912784
5;1;9; Black  ;184;219;101;792;;184;2242;2058;201.5;0.00850340136054422;0.0898751115075825;0.839315525876461;169.122078464107;2240;2346;2129;0.0903689839936219
5;1;9; Red    ;1365;1467;792;1618;;184;2242;2058;1416;0.598639455782313;0.631578947368421;0.839315525876461;1188.47078464107;2240;2346;2129;0.635049535161135
5;1;9; Blue   ;1768;1871;1618;2042;;184;2242;2058;1819.5;0.794703595724004;0.811552185548617;0.839315525876461;1527.13459933222;2240;2346;2129;0.81601174380345
5;1;9; Yellow ;2212;2242;2042;2464;;184;2242;2058;2227;0.992711370262391;0.993309545049063;0.839315525876461;1869.15567612688;2240;2346;2129;0.998767877686333
5;1;9; White  ;2685;2779;2464;4095;;184;2242;2058;2732;1.23809523809524;1.2185548617306;0.839315525876461;2293.01001669449;2240;2346;2129;1.22525093930807
5;1;10; NONE   ;0;6;0;103;;200;2176;1976;3;-0.0996963562753036;0.00137867647058824;0.839315525876461;2.51794657762938;2240;2358;2129;0.0013385968875232
5;1;10; Black  ;200;246;103;798;;200;2176;1976;223;0.0116396761133603;0.102481617647059;0.839315525876461;187.167362270451;2240;2358;2129;0.0995023686392246
5;1;10; Red    ;1350;1394;798;1563;;200;2176;1976;1372;0.593117408906883;0.630514705882353;0.839315525876461;1151.5409015025;2240;2358;2129;0.612184976560611
5;1;10; Blue   ;1732;1828;1563;1980;;200;2176;1976;1780;0.799595141700405;0.818014705882353;0.839315525876461;1493.9816360601;2240;2358;2129;0.794234153263766
5;1;10; Yellow ;2133;2176;1980;2440;;200;2176;1976;2154.5;0.98911943319838;0.990119485294118;0.839315525876461;1808.30530050083;2240;2358;2129;0.961335664722912
5;1;10; White  ;2705;2770;2440;4095;;200;2176;1976;2737.5;1.28415991902834;1.25804227941176;0.839315525876461;2297.62625208681;2240;2358;2129;1.22146965986492
5;1;11; NONE   ;0;6;0;101;;196;2260;2064;3;-0.0935077519379845;0.00132743362831858;0.839315525876461;2.51794657762938;2240;2440;2129;0.00129361125441791
5;1;11; Black  ;196;286;101;859;;196;2260;2064;241;0.0218023255813953;0.106637168141593;0.839315525876461;202.275041736227;2240;2440;2129;0.103920104104906
5;1;11; Red    ;1432;1502;859;1658;;196;2260;2064;1467;0.615794573643411;0.649115044247788;0.839315525876461;1231.27587646077;2240;2440;2129;0.63257590341036
5;1;11; Blue   ;1815;1913;1658;2070;;196;2260;2064;1864;0.808139534883721;0.824778761061947;0.839315525876461;1564.48414023372;2240;2440;2129;0.803763792744997
5;1;11; Yellow ;2226;2260;2070;2490;;196;2260;2064;2243;0.991763565891473;0.992477876106195;0.839315525876461;1882.5847245409;2240;2440;2129;0.967190014553127
5;1;11; White  ;2719;2866;2490;4095;;196;2260;2064;2792.5;1.25799418604651;1.23561946902655;0.839315525876461;2343.78860601002;2240;2440;2129;1.20413647598734
5;1;12; NONE   ;0;0;0;127;;254;2547;2293;0;-0.11077191452246;0;0.839315525876461;0;2240;2632;2129;0
5;1;12; Black  ;254;317;127;902;;254;2547;2293;285.5;0.0137374618403838;0.112092658029054;0.839315525876461;239.62458263773;2240;2632;2129;0.114128099297443
5;1;12; Red    ;1488;1571;902;1766;;254;2547;2293;1529.5;0.556258177060619;0.60051040439733;0.839315525876461;1283.73309682805;2240;2632;2129;0.611414808670538
5;1;12; Blue   ;1962;2229;1766;2354;;254;2547;2293;2095.5;0.803096380287832;0.822732626619552;0.839315525876461;1758.78568447412;2240;2632;2129;0.837672266472123
5;1;12; Yellow ;2479;2547;2354;2750;;254;2547;2293;2513;0.985172263410379;0.986650961915979;0.839315525876461;2109.19991652755;2240;2632;2129;1.00456712271269
5;1;12; White  ;2952;3039;2750;4095;;254;2547;2293;2995.5;1.19559529001308;1.17608951707892;0.839315525876461;2514.16965776294;2240;2632;2129;1.19744560926616
5;1;13; NONE   ;0;13;0;110;;208;2501;2293;6.5;-0.0878761447884867;0.00259896041583367;0.839315525876461;5.45555091819699;2240;2669;2129;0.00256234226240391
5;1;13; Black  ;208;273;110;898;;208;2501;2293;240.5;0.0141735717400785;0.0961615353858457;0.839315525876461;201.855383973289;2240;2669;2129;0.0948066637089447
5;1;13; Red    ;1522;1560;898;1745;;208;2501;2293;1541;0.581334496293066;0.616153538584566;0.839315525876461;1293.38522537563;2240;2669;2129;0.607472219440681
5;1;13; Blue   ;1930;2120;1745;2262;;208;2501;2293;2025;0.792411687745312;0.809676129548181;0.839315525876461;1699.61393989983;2240;2669;2129;0.798268166364295
5;1;13; Yellow ;2405;2501;2262;2754;;208;2501;2293;2453;0.979066724814653;0.980807676929228;0.839315525876461;2058.84098497496;2240;2669;2129;0.966988549181045
5;1;13; White  ;3006;3134;2754;4095;;208;2501;2293;3070;1.2481465329263;1.22750899640144;0.839315525876461;2576.69866444073;2240;2669;2129;1.21021396085846
5;1;14; NONE   ;0;24;0;116;;208;2493;2285;12;-0.0857768052516411;0.00481347773766546;0.839315525876461;10.0717863105175;2240;2680;2129;0.00471106188176076
5;1;14; Black  ;208;281;116;916;;208;2493;2285;244.5;0.0159737417943107;0.0980746089049338;0.839315525876461;205.212646076795;2240;2680;2129;0.0959878858408755
5;1;14; Red    ;1550;1605;916;1782;;208;2493;2285;1577.5;0.599343544857768;0.632771760930606;0.839315525876461;1324.02024207012;2240;2680;2129;0.619308343206466
5;1;14; Blue   ;1959;2301;1782;2366;;208;2493;2285;2130;0.841137855579869;0.85439229843562;0.839315525876461;1787.74207011686;2240;2680;2129;0.836213484012535
5;1;14; Yellow ;2430;2493;2366;2691;;208;2493;2285;2461.5;0.986214442013129;0.987364620938628;0.839315525876461;2065.97516694491;2240;2680;2129;0.966356568496176
5;1;14; White  ;2889;3103;2691;4095;;208;2493;2285;2996;1.22013129102845;1.20176494183714;0.839315525876461;2514.58931552588;2240;2680;2129;1.1761951164796
5;1;15; NONE   ;0;0;0;142;;285;2845;2560;0;-0.111328125;0;0.839315525876461;0;2240;3103;2129;0
5;1;15; Black  ;285;402;142;1054;;285;2845;2560;343.5;0.0228515625;0.120738137082601;0.839315525876461;288.304883138564;2240;3103;2129;0.116470870853779
5;1;15; Red    ;1705;1813;1054;2068;;285;2845;2560;1759;0.57578125;0.618277680140598;0.839315525876461;1476.35601001669;2240;3103;2129;0.596425798636965
5;1;15; Blue   ;2322;2525;2068;2657;;285;2845;2560;2423.5;0.8353515625;0.851845342706503;0.839315525876461;2034.0811769616;2240;3103;2129;0.821738444000389
5;1;15; Yellow ;2789;2845;2657;3152;;285;2845;2560;2817;0.9890625;0.990158172231986;0.839315525876461;2364.35183639399;2240;3103;2129;0.955162862285577
5;1;15; White  ;3459;3586;3152;4095;;285;2845;2560;3522.5;1.2646484375;1.23813708260105;0.839315525876461;2956.48893989983;2240;3103;2129;1.19437741654276
6;1;0; NONE   ;0;22;0;212;;401;3359;2958;11;-0.13184584178499;0.00327478416195296;0.839315525876461;9.23247078464107;2240;3735;2250;0.00293202439387178
6;1;0; Black  ;401;479;212;1274;;401;3359;2958;440;0.013184584178499;0.130991366478118;0.839315525876461;369.298831385643;2240;3735;2250;0.117280975754871
6;1;0; Red    ;2068;2131;1274;2357;;401;3359;2958;2099.5;0.57420554428668;0.625037213456386;0.839315525876461;1762.14294657763;2240;3735;2250;0.559616837721255
6;1;0; Blue   ;2583;2943;2357;3068;;401;3359;2958;2763;0.798512508451657;0.822566239952367;0.839315525876461;2319.02879799666;2240;3735;2250;0.736471218206158
6;1;0; Yellow ;3194;3359;3068;3564;;401;3359;2958;3276.5;0.97210953346856;0.975439118785353;0.839315525876461;2750.01732053422;2240;3735;2250;0.873343447865536
6;1;0; White  ;3768;3792;3564;4095;;401;3359;2958;3780;1.14232589587559;1.12533492110747;0.839315525876461;3172.61268781302;2240;3735;2250;1.00755020080321
6;1;1; NONE   ;0;25;0;172;;320;2913;2593;12.5;-0.118588507520247;0.00429110882251974;0.839315525876461;10.4914440734558;2240;3022;2250;0.00411794984925362
6;1;1; Black  ;320;404;172;1052;;320;2913;2593;362;0.0161974546856923;0.124270511500172;0.839315525876461;303.832220367279;2240;3022;2250;0.119255827634385
6;1;1; Red    ;1700;1735;1052;1951;;320;2913;2593;1717.5;0.53895102198226;0.589598352214212;0.839315525876461;1441.52441569282;2240;3022;2250;0.565806309287448
6;1;1; Blue   ;2167;2437;1951;2564;;320;2913;2593;2302;0.764365599691477;0.790250600755235;0.839315525876461;1932.10434056761;2240;3022;2250;0.758361644238547
6;1;1; Yellow ;2690;2913;2564;3116;;320;2913;2593;2801.5;0.956999614346317;0.961723309303124;0.839315525876461;2351.3424457429;2240;3022;2250;0.922914920214722
6;1;1; White  ;3319;3474;3116;4095;;320;2913;2593;3396.5;1.18646355572696;1.16598008925506;0.839315525876461;2850.7351836394;2240;3022;2250;1.11892933303919
6;1;2; NONE   ;0;97;0;226;;355;2911;2556;48.5;-0.11991392801252;0.0166609412572999;0.839315525876461;40.7068030050083;2240;3308;2250;0.01459626494693
6;1;2; Black  ;355;467;226;1170;;355;2911;2556;411;0.0219092331768388;0.141188594984541;0.839315525876461;344.958681135225;2240;3308;2250;0.123692059653366
6;1;2; Red    ;1872;1892;1170;2094;;355;2911;2556;1882;0.597417840375587;0.646513225695637;0.839315525876461;1579.5918196995;2240;3308;2250;0.56639527072417
6;1;2; Blue   ;2295;2563;2094;2704;;355;2911;2556;2429;0.811424100156495;0.83442116111302;0.839315525876461;2038.69741235392;2240;3308;2250;0.731017063012226
6;1;2; Yellow ;2844;2911;2704;3232;;355;2911;2556;2877.5;0.98689358372457;0.988491927172793;0.839315525876461;2415.13042570952;2240;3308;2250;0.865994894531775
6;1;2; White  ;3554;3668;3232;4095;;355;2911;2556;3611;1.27386541471049;1.24046719340433;0.839315525876461;3030.7683639399;2240;3308;2250;1.08674459223431
6;1;3; NONE   ;0;0;0;198;;395;3381;2986;0;-0.132283991962492;0;0.839315525876461;0;2240;3410;2250;0
6;1;3; Black  ;395;486;198;1266;;395;3381;2986;440.5;0.0152377762893503;0.130286897367643;0.839315525876461;369.718489148581;2240;3410;2250;0.128604757249919
6;1;3; Red    ;2047;2082;1266;2376;;395;3381;2986;2064.5;0.559109176155392;0.610618160307601;0.839315525876461;1732.76690317195;2240;3410;2250;0.602734441186054
6;1;3; Blue   ;2670;3023;2376;3134;;395;3381;2986;2846.5;0.820997990622907;0.841910677314404;0.839315525876461;2389.11164440735;2240;3410;2250;0.83104072987944
6;1;3; Yellow ;3246;3381;3134;3570;;395;3381;2986;3313.5;0.977394507702612;0.980035492457853;0.839315525876461;2781.07199499165;2240;3410;2250;0.967382209188661
6;1;3; White  ;3758;3768;3570;4095;;395;3381;2986;3763;1.12793034159411;1.11298432416445;0.839315525876461;3158.34432387312;2240;3410;2250;1.09861453242098
6;1;4; NONE   ;0;0;0;138;;275;2505;2230;0;-0.123318385650224;0;0.839315525876461;0;2240;2881;2250;0
6;1;4; Black  ;275;311;138;967;;275;2505;2230;293;0.00807174887892377;0.116966067864271;0.839315525876461;245.919449081803;2240;2881;2250;0.101248794785761
6;1;4; Red    ;1623;1674;967;1860;;275;2505;2230;1648.5;0.615919282511211;0.658083832335329;0.839315525876461;1383.61164440735;2240;2881;2250;0.569654055304871
6;1;4; Blue   ;2045;2195;1860;2308;;275;2505;2230;2120;0.827354260089686;0.846307385229541;0.839315525876461;1779.3489148581;2240;2881;2250;0.732585136333835
6;1;4; Yellow ;2420;2505;2308;2832;;275;2505;2230;2462.5;0.980941704035874;0.983033932135728;0.839315525876461;2066.81448247078;2240;2881;2250;0.850939102934938
6;1;4; White  ;3160;3301;2832;4095;;275;2505;2230;3230.5;1.32533632286996;1.28962075848303;0.839315525876461;2711.40880634391;2240;2881;2250;1.11632843534267
6;1;5; NONE   ;0;49;0;121;;193;2250;2057;24.5;-0.0819154107924161;0.0108888888888889;0.839315525876461;20.5632303839733;2240;2240;2250;0.0108888888888889
6;1;5; Black  ;193;237;121;771;;193;2250;2057;215;0.0106951871657754;0.0955555555555556;0.839315525876461;180.452838063439;2240;2240;2250;0.0955555555555556
6;1;5; Red    ;1305;1341;771;1529;;193;2250;2057;1323;0.549343704423918;0.588;0.839315525876461;1110.41444073456;2240;2240;2250;0.588
6;1;5; Blue   ;1717;1736;1529;1894;;193;2250;2057;1726.5;0.745503159941663;0.767333333333333;0.839315525876461;1449.07825542571;2240;2240;2250;0.767333333333333
6;1;5; Yellow ;2051;2250;1894;2455;;193;2250;2057;2150.5;0.951628585318425;0.955777777777778;0.839315525876461;1804.94803839733;2240;2240;2250;0.955777777777778
6;1;5; White  ;2660;2802;2455;4095;;193;2250;2057;2731;1.23383568303354;1.21377777777778;0.839315525876461;2292.17070116861;2240;2240;2250;1.21377777777778
6;1;6; NONE   ;0;0;0;100;;201;2328;2127;0;-0.0944992947813822;0;0.839315525876461;0;2240;2465;2250;0
6;1;6; Black  ;201;311;100;919;;201;2328;2127;256;0.0258580159849553;0.109965635738832;0.839315525876461;214.864774624374;2240;2465;2250;0.103392382240252
6;1;6; Red    ;1527;1575;919;1724;;201;2328;2127;1551;0.634696755994358;0.666237113402062;0.839315525876461;1301.77838063439;2240;2465;2250;0.626412440838404
6;1;6; Blue   ;1872;2056;1724;2142;;201;2328;2127;1964;0.828866948754114;0.843642611683849;0.839315525876461;1648.41569282137;2240;2465;2250;0.793213432499437
6;1;6; Yellow ;2227;2328;2142;2600;;201;2328;2127;2277.5;0.976257639868359;0.978307560137457;0.839315525876461;1911.54111018364;2240;2465;2250;0.919828713094433
6;1;6; White  ;2871;3025;2600;4095;;201;2328;2127;2948;1.29149036201222;1.26632302405498;0.839315525876461;2474.30217028381;2240;2465;2250;1.19062790173541
6;1;7; NONE   ;0;0;0;132;;264;2679;2415;0;-0.109316770186335;0;0.839315525876461;0;2240;2761;2250;0
6;1;7; Black  ;264;326;132;950;;264;2679;2415;295;0.0128364389233954;0.110115714818962;0.839315525876461;247.598080133556;2240;2761;2250;0.106370477685219
6;1;7; Red    ;1574;1663;950;1842;;264;2679;2415;1618.5;0.560869565217391;0.604143337066069;0.839315525876461;1358.43217863105;2240;2761;2250;0.58359531570687
6;1;7; Blue   ;2020;2082;1842;2338;;264;2679;2415;2051;0.739958592132505;0.765584173198955;0.839315525876461;1721.43614357262;2240;2761;2250;0.739545253330114
6;1;7; Yellow ;2595;2679;2338;2945;;264;2679;2415;2637;0.982608695652174;0.984322508398656;0.839315525876461;2213.27504173623;2240;2761;2250;0.950843897138718
6;1;7; White  ;3211;3257;2945;4095;;264;2679;2415;3234;1.22981366459627;1.20716685330347;0.839315525876461;2714.34641068447;2240;2761;2250;1.16610889774236
6;1;8; NONE   ;0;2;0;158;;314;2809;2495;1;-0.125450901803607;0.000355998576005696;0.839315525876461;0.839315525876461;2240;2951;2250;0.000337362099476637
6;1;8; Black  ;314;673;158;1140;;314;2809;2495;493.5;0.0719438877755511;0.175685297258811;0.839315525876461;414.202212020033;2240;2951;2250;0.16648819609172
6;1;8; Red    ;1608;1698;1140;1967;;314;2809;2495;1653;0.536673346693387;0.588465646137415;0.839315525876461;1387.38856427379;2240;2951;2250;0.557659550434881
6;1;8; Blue   ;2236;2430;1967;2602;;314;2809;2495;2333;0.809218436873747;0.830544677821289;0.839315525876461;1958.12312186978;2240;2951;2250;0.787065778078994
6;1;8; Yellow ;2774;2809;2602;3066;;314;2809;2495;2791.5;0.992985971943888;0.9937700249199;0.839315525876461;2342.94929048414;2240;2951;2250;0.941746300689032
6;1;8; White  ;3322;3497;3066;4095;;314;2809;2495;3409.5;1.24068136272545;1.21377714489142;0.839315525876461;2861.64628547579;2240;2951;2250;1.15023607816559
6;1;9; NONE   ;0;0;0;112;;224;2203;1979;0;-0.113188479029813;0;0.839315525876461;0;2240;2346;2250;0
6;1;9; Black  ;224;250;112;788;;224;2203;1979;237;0.00656897422940879;0.107580571947345;0.839315525876461;198.917779632721;2240;2346;2250;0.100574026712134
6;1;9; Red    ;1325;1495;788;1655;;224;2203;1979;1410;0.599292572006064;0.640036314117113;0.839315525876461;1183.43489148581;2240;2346;2250;0.598351804489912
6;1;9; Blue   ;1815;1915;1655;2007;;224;2203;1979;1865;0.829206670035371;0.846572855197458;0.839315525876461;1565.3234557596;2240;2346;2250;0.791436961257933
6;1;9; Yellow ;2099;2203;2007;2468;;224;2203;1979;2151;0.973724103082365;0.976395823876532;0.839315525876461;1805.36769616027;2240;2346;2250;0.912804774083546
6;1;9; White  ;2733;2816;2468;4095;;224;2203;1979;2774.5;1.28878221323901;1.25941897412619;0.839315525876461;2328.68092654424;2240;2346;2250;1.17739509330302
6;1;10; NONE   ;0;6;0;96;;185;2202;2017;3;-0.090233019335647;0.00136239782016349;0.839315525876461;2.51794657762938;2240;2358;2250;0.00126661012157195
6;1;10; Black  ;185;244;96;798;;185;2202;2017;214.5;0.0146256817055032;0.0974114441416894;0.839315525876461;180.033180300501;2240;2358;2250;0.0905626236923947
6;1;10; Red    ;1353;1446;798;1677;;185;2202;2017;1399.5;0.60213187902826;0.635558583106267;0.839315525876461;1174.62207846411;2240;2358;2250;0.590873621713316
6;1;10; Blue   ;1908;2001;1677;2084;;185;2202;2017;1954.5;0.877293009419931;0.887602179836512;0.839315525876461;1640.44219532554;2240;2358;2250;0.825196494204128
6;1;10; Yellow ;2166;2202;2084;2456;;185;2202;2017;2184;0.99107585523054;0.991825613079019;0.839315525876461;1833.06510851419;2240;2358;2250;0.922092168504382
6;1;10; White  ;2709;2825;2456;4095;;185;2202;2017;2767;1.28011898859693;1.25658492279746;0.839315525876461;2322.38606010017;2240;2358;2250;1.1682367354632
6;1;11; NONE   ;0;0;0;124;;248;2351;2103;0;-0.117926771279125;0;0.839315525876461;0;2240;2440;2250;0
6;1;11; Black  ;248;319;124;918;;248;2351;2103;283.5;0.0168806466951973;0.120586984262016;0.839315525876461;237.945951585977;2240;2440;2250;0.115672131147541
6;1;11; Red    ;1517;1554;918;1738;;248;2351;2103;1535.5;0.612220637184974;0.653126329221608;0.839315525876461;1288.76898998331;2240;2440;2250;0.626506375227687
6;1;11; Blue   ;1922;2098;1738;2162;;248;2351;2103;2010;0.837850689491203;0.854955338153977;0.839315525876461;1687.02420701169;2240;2440;2250;0.820109289617486
6;1;11; Yellow ;2227;2351;2162;2559;;248;2351;2103;2289;0.970518307180219;0.973628243300723;0.839315525876461;1921.19323873122;2240;2440;2250;0.933945355191257
6;1;11; White  ;2767;2877;2559;4095;;248;2351;2103;2822;1.22396576319544;1.2003402807316;0.839315525876461;2368.54841402337;2240;2440;2250;1.15141712204007
6;1;12; NONE   ;0;59;0;160;;261;2519;2258;29.5;-0.102524357838795;0.0117109964271536;0.839315525876461;24.7598080133556;2240;2632;2250;0.0111583924349882
6;1;12; Black  ;261;334;160;924;;261;2519;2258;297.5;0.0161647475642161;0.118102421595871;0.839315525876461;249.696368948247;2240;2632;2250;0.112529550827423
6;1;12; Red    ;1515;1587;924;1817;;261;2519;2258;1551;0.571302037201063;0.615720524017467;0.839315525876461;1301.77838063439;2240;2632;2250;0.586666666666667
6;1;12; Blue   ;2047;2106;1817;2294;;261;2519;2258;2076.5;0.804030115146147;0.824335053592696;0.839315525876461;1742.83868948247;2240;2632;2250;0.785437352245863
6;1;12; Yellow ;2482;2519;2294;2798;;261;2519;2258;2500.5;0.991806908768822;0.992655815799921;0.839315525876461;2098.70847245409;2240;2632;2250;0.945815602836879
6;1;12; White  ;3077;3210;2798;4095;;261;2519;2258;3143.5;1.27657218777679;1.2479158396189;0.839315525876461;2638.38835559265;2240;2632;2250;1.18903073286052
6;1;13; NONE   ;0;4;0;117;;230;2587;2357;2;-0.0967331353415359;0.000773096250483185;0.839315525876461;1.67863105175292;2240;2669;2250;0.000746013904500229
6;1;13; Black  ;230;299;117;932;;230;2587;2357;264.5;0.0146372507424692;0.102241979126401;0.839315525876461;221.998956594324;2240;2669;2250;0.0986603388701553
6;1;13; Red    ;1564;1625;932;1829;;230;2587;2357;1594.5;0.578913873568095;0.616350985697719;0.839315525876461;1338.28860601002;2240;2669;2250;0.594759585362808
6;1;13; Blue   ;2033;2138;1829;2270;;230;2587;2357;2085.5;0.787229529062367;0.806146115191341;0.839315525876461;1750.39252921536;2240;2669;2250;0.777905998917614
6;1;13; Yellow ;2402;2587;2270;2809;;230;2587;2357;2494.5;0.960755197284684;0.964244298415153;0.839315525876461;2093.67257929883;2240;2669;2250;0.93046584238791
6;1;13; White  ;3031;3128;2809;4095;;230;2587;2357;3079.5;1.20895205770047;1.19037495168148;0.839315525876461;2584.67216193656;2240;2669;2250;1.14867490945423
6;1;14; NONE   ;0;13;0;126;;240;2633;2393;6.5;-0.0975762641036356;0.00246866691986327;0.839315525876461;5.45555091819699;2240;2680;2250;0.00241459369817579
6;1;14; Black  ;240;300;126;894;;240;2633;2393;270;0.0125365649811952;0.102544625902013;0.839315525876461;226.615191986644;2240;2680;2250;0.100298507462687
6;1;14; Red    ;1489;1653;894;1794;;240;2633;2393;1571;0.556205599665692;0.596657804785416;0.839315525876461;1318.56469115192;2240;2680;2250;0.58358872305141
6;1;14; Blue   ;1934;2116;1794;2288;;240;2633;2393;2025;0.745925616381112;0.769084694265097;0.839315525876461;1699.61393989983;2240;2680;2250;0.752238805970149
6;1;14; Yellow ;2460;2633;2288;2906;;240;2633;2393;2546.5;0.963852904304221;0.967147740220281;0.839315525876461;2137.31698664441;2240;2680;2250;0.94596351575456
6;1;14; White  ;3180;3237;2906;4095;;240;2633;2393;3208.5;1.24049310488926;1.21857197113559;0.839315525876461;2692.94386477462;2240;2680;2250;1.19188059701493
6;1;15; NONE   ;0;19;0;150;;281;2952;2671;9.5;-0.101647323099963;0.00321815718157182;0.839315525876461;7.97349749582638;2240;3103;2250;0.00304794643176854
6;1;15; Black  ;281;342;150;1080;;281;2952;2671;311.5;0.0114189442156496;0.105521680216802;0.839315525876461;261.446786310517;2240;3103;2250;0.0999405593153579
6;1;15; Red    ;1817;1855;1080;2120;;281;2952;2671;1836;0.582178959191314;0.621951219512195;0.839315525876461;1540.98330550918;2240;3103;2250;0.589055752497583
6;1;15; Blue   ;2384;2442;2120;2642;;281;2952;2671;2413;0.798202920254586;0.817411924119241;0.839315525876461;2025.2683639399;2240;3103;2250;0.774178393669209
6;1;15; Yellow ;2842;2952;2642;3248;;281;2952;2671;2897;0.979408461250468;0.981368563685637;0.839315525876461;2431.49707846411;2240;3103;2250;0.929463243456154
6;1;15; White  ;3544;3679;3248;4095;;281;2952;2671;3611.5;1.24691126918757;1.22340785907859;0.839315525876461;3031.18802170284;2240;3103;2250;1.1587008987718
